{
  "type": "rechiseled:chiseling",
  "overwrite": false,
  "entries": [
    {
      "block": "minecraft:acacia_log"
    },
    {
      "block": "chipped:planked_acacia_log"
    },
    {
      "block": "chipped:mixed_acacia_log"
    },
    {
      "block": "chipped:overgrown_acacia_log"
    },
    {
      "block": "chipped:edge_cut_acacia_log"
    },
    {
      "block": "chipped:reinforced_acacia_log"
    },
    {
      "block": "chipped:firewood_acacia_log"
    },
    {
      "block": "chipped:center_cut_acacia_log"
    },
    {
      "block": "chipped:bundled_acacia_log"
    },
    {
      "block": "chipped:flowering_acacia_log"
    },
    {
      "block": "chipped:damaged_acacia_log"
    },
    {
      "block": "chipped:nailed_acacia_log"
    }
  ]
}