{
  "type": "rechiseled:chiseling",
  "overwrite": false,
  "entries": [
    {
      "block": "minecraft:acacia_leaves"
    },
    {
      "block": "chipped:golden_acacia_leaves"
    },
    {
      "block": "chipped:white_flower_acacia_leaves"
    },
    {
      "block": "chipped:orange_acacia_leaves"
    },
    {
      "block": "chipped:cherry_acacia_leaves"
    },
    {
      "block": "chipped:frosted_acacia_leaves"
    },
    {
      "block": "chipped:dead_acacia_leaves"
    },
    {
      "block": "chipped:golden_apple_acacia_leaves"
    },
    {
      "block": "chipped:apple_acacia_leaves"
    },
    {
      "block": "chipped:golden_cherry_acacia_leaves"
    },
    {
      "block": "chipped:magenta_flower_acacia_leaves"
    },
    {
      "block": "chipped:red_acacia_leaves"
    }
  ]
}