{
  "type": "rechiseled:chiseling",
  "overwrite": false,
  "entries": [
    {
      "block": "minecraft:acacia_door"
    },
    {
      "block": "chipped:paper_acacia_door"
    },
    {
      "block": "chipped:sliding_acacia_door"
    },
    {
      "block": "chipped:paneled_acacia_door"
    },
    {
      "block": "chipped:secret_acacia_door"
    },
    {
      "block": "chipped:windowed_acacia_door"
    },
    {
      "block": "chipped:tile_windowed_acacia_door"
    },
    {
      "block": "chipped:overgrown_acacia_door"
    },
    {
      "block": "chipped:pressed_acacia_door"
    },
    {
      "block": "chipped:glass_acacia_door"
    },
    {
      "block": "chipped:heavy_acacia_door"
    },
    {
      "block": "chipped:gated_acacia_door"
    },
    {
      "block": "chipped:dual_paneled_acacia_door"
    },
    {
      "block": "chipped:tiled_acacia_door"
    },
    {
      "block": "chipped:fortified_acacia_door"
    },
    {
      "block": "chipped:shack_acacia_door"
    },
    {
      "block": "chipped:boarded_acacia_door"
    },
    {
      "block": "chipped:beach_acacia_door"
    },
    {
      "block": "chipped:supported_acacia_door"
    },
    {
      "block": "chipped:screen_acacia_door"
    }
  ]
}