{
  "type": "rechiseled:chiseling",
  "overwrite": false,
  "entries": [
    {
      "block": "minecraft:acacia_trapdoor"
    },
    {
      "block": "chipped:meshed_acacia_trapdoor"
    },
    {
      "block": "chipped:cobweb_acacia_trapdoor"
    },
    {
      "block": "chipped:iron_barred_acacia_trapdoor"
    },
    {
      "block": "chipped:woven_acacia_trapdoor"
    },
    {
      "block": "chipped:checkered_acacia_trapdoor"
    },
    {
      "block": "chipped:overgrown_acacia_trapdoor"
    },
    {
      "block": "chipped:barred_acacia_trapdoor"
    },
    {
      "block": "chipped:fancy_acacia_trapdoor"
    },
    {
      "block": "chipped:solid_acacia_trapdoor"
    },
    {
      "block": "chipped:suspicious_acacia_trapdoor"
    },
    {
      "block": "chipped:pointless_acacia_trapdoor"
    },
    {
      "block": "chipped:slotted_acacia_trapdoor"
    },
    {
      "block": "chipped:distorted_acacia_trapdoor"
    },
    {
      "block": "chipped:heavy_acacia_trapdoor"
    },
    {
      "block": "chipped:golden_barred_acacia_trapdoor"
    },
    {
      "block": "chipped:twisted_acacia_trapdoor"
    },
    {
      "block": "chipped:vined_acacia_trapdoor"
    },
    {
      "block": "chipped:leafy_acacia_trapdoor"
    },
    {
      "block": "chipped:classic_acacia_trapdoor"
    },
    {
      "block": "chipped:classic_windowed_acacia_trapdoor"
    },
    {
      "block": "chipped:warted_acacia_trapdoor"
    },
    {
      "block": "chipped:windowed_acacia_trapdoor"
    }
  ]
}