{
  "type": "rechiseled:chiseling",
  "overwrite": false,
  "entries": [
    {
      "block": "minecraft:acacia_planks"
    },
    {
      "block": "chipped:thin_acacia_planks"
    },
    {
      "block": "chipped:brick_bond_acacia_planks"
    },
    {
      "block": "chipped:vertical_acacia_planks"
    },
    {
      "block": "chipped:slanted_acacia_planks"
    },
    {
      "block": "chipped:acacia_planks_shavings"
    },
    {
      "block": "chipped:tiled_acacia_planks"
    },
    {
      "block": "chipped:acacia_planks_panel"
    },
    {
      "block": "chipped:wickered_acacia_planks"
    },
    {
      "block": "chipped:laced_acacia_planks"
    },
    {
      "block": "chipped:herringbone_acacia_planks"
    },
    {
      "block": "chipped:basket_woven_acacia_planks"
    },
    {
      "block": "chipped:crated_acacia_planks"
    },
    {
      "block": "chipped:diamond_acacia_planks"
    },
    {
      "block": "chipped:cornered_acacia_planks"
    },
    {
      "block": "chipped:diagonal_acacia_planks"
    },
    {
      "block": "chipped:bricky_acacia_planks"
    },
    {
      "block": "chipped:fine_vertical_acacia_planks"
    },
    {
      "block": "chipped:whirlwind_acacia_planks"
    },
    {
      "block": "chipped:vertically_railed_acacia_planks"
    },
    {
      "block": "chipped:hewn_acacia_planks"
    },
    {
      "block": "chipped:detailed_acacia_planks"
    },
    {
      "block": "chipped:double_herringbone_acacia_planks"
    },
    {
      "block": "chipped:versailles_acacia_planks"
    },
    {
      "block": "chipped:enclosed_acacia_planks"
    },
    {
      "block": "chipped:pegged_acacia_planks"
    },
    {
      "block": "chipped:acacia_planks_mosaic"
    },
    {
      "block": "chipped:smooth_acacia_planks"
    },
    {
      "block": "chipped:crossed_acacia_planks"
    },
    {
      "block": "chipped:boxed_acacia_planks"
    },
    {
      "block": "chipped:railed_acacia_planks"
    },
    {
      "block": "chipped:framed_acacia_planks"
    },
    {
      "block": "chipped:polished_acacia_planks"
    },
    {
      "block": "chipped:stacked_acacia_planks"
    },
    {
      "block": "chipped:natural_acacia_planks"
    },
    {
      "block": "chipped:nailed_acacia_planks"
    },
    {
      "block": "chipped:fine_acacia_planks"
    },
    {
      "block": "chipped:cross_laced_acacia_planks"
    },
    {
      "block": "chipped:shifted_acacia_planks"
    }
  ]
}