{
  "type": "rechiseled:chiseling",
  "overwrite": false,
  "entries": [
    {
      "block": "minecraft:ancient_debris"
    },
    {
      "block": "chipped:cracked_flat_ancient_debris_tiles"
    },
    {
      "block": "chipped:cut_ancient_debris_column"
    },
    {
      "block": "chipped:loded_ancient_debris"
    },
    {
      "block": "chipped:cobbled_ancient_debris"
    },
    {
      "block": "chipped:spiraled_ancient_debris"
    },
    {
      "block": "chipped:fine_ancient_debris_pillar"
    },
    {
      "block": "chipped:tiny_layered_ancient_debris_slabs"
    },
    {
      "block": "chipped:layed_ancient_debris_bricks"
    },
    {
      "block": "chipped:weathered_ancient_debris"
    },
    {
      "block": "chipped:tiled_bordered_ancient_debris"
    },
    {
      "block": "chipped:vertical_disordered_ancient_debris_bricks"
    },
    {
      "block": "chipped:blank_ancient_debris_carving"
    },
    {
      "block": "chipped:thick_inlayed_ancient_debris"
    },
    {
      "block": "chipped:smooth_ringed_ancient_debris"
    },
    {
      "block": "chipped:ancient_debris_mini_tiles"
    },
    {
      "block": "chipped:spider_ancient_debris_carving"
    },
    {
      "block": "chipped:ancient_debris_bricks"
    },
    {
      "block": "chipped:angry_ancient_debris"
    },
    {
      "block": "chipped:flat_ancient_debris_tiles"
    },
    {
      "block": "chipped:eroded_ancient_debris"
    },
    {
      "block": "chipped:polished_ancient_debris"
    },
    {
      "block": "chipped:carved_ancient_debris"
    },
    {
      "block": "chipped:unamused_ancient_debris"
    },
    {
      "block": "chipped:runic_carved_ancient_debris"
    },
    {
      "block": "chipped:checkered_ancient_debris_tiles"
    },
    {
      "block": "chipped:tiny_layered_ancient_debris_bricks"
    },
    {
      "block": "chipped:cracked_ancient_debris_bricks"
    },
    {
      "block": "chipped:massive_ancient_debris_bricks"
    },
    {
      "block": "chipped:brick_bordered_ancient_debris"
    },
    {
      "block": "chipped:engraved_ancient_debris"
    },
    {
      "block": "chipped:sad_ancient_debris"
    },
    {
      "block": "chipped:tiled_ancient_debris"
    },
    {
      "block": "chipped:vertical_cut_ancient_debris"
    },
    {
      "block": "chipped:duh_ancient_debris"
    },
    {
      "block": "chipped:pillar_ancient_debris_bricks"
    },
    {
      "block": "chipped:rounded_ancient_debris_bricks"
    },
    {
      "block": "chipped:ancient_debris_pillar_top"
    },
    {
      "block": "chipped:prismal_ancient_debris_remnants"
    },
    {
      "block": "chipped:tiled_ancient_debris_column"
    },
    {
      "block": "chipped:smooth_inlayed_ancient_debris"
    },
    {
      "block": "chipped:smoothed_double_inlayed_ancient_debris"
    },
    {
      "block": "chipped:inlayed_ancient_debris"
    },
    {
      "block": "chipped:smooth_ancient_debris_column"
    },
    {
      "block": "chipped:creeper_ancient_debris_carving"
    },
    {
      "block": "chipped:small_ancient_debris_bricks"
    },
    {
      "block": "chipped:crying_ancient_debris"
    },
    {
      "block": "chipped:tiny_ancient_debris_bricks"
    },
    {
      "block": "chipped:curly_ancient_debris_pillar"
    },
    {
      "block": "chipped:cut_blank_ancient_debris"
    },
    {
      "block": "chipped:inscribed_ancient_debris"
    },
    {
      "block": "chipped:tiny_brick_bordered_ancient_debris"
    },
    {
      "block": "chipped:ornate_ancient_debris_pillar"
    },
    {
      "block": "chipped:offset_ancient_debris_bricks"
    },
    {
      "block": "chipped:glad_ancient_debris"
    },
    {
      "block": "chipped:ancient_debris_scales"
    },
    {
      "block": "chipped:simple_ancient_debris_pillar"
    },
    {
      "block": "chipped:trodden_ancient_debris"
    },
    {
      "block": "chipped:stacked_ancient_debris_bricks"
    },
    {
      "block": "chipped:bordered_ancient_debris"
    },
    {
      "block": "chipped:sanded_ancient_debris"
    },
    {
      "block": "chipped:edged_ancient_debris_bricks"
    },
    {
      "block": "chipped:etched_ancient_debris_bricks"
    },
    {
      "block": "chipped:cracked_disordered_ancient_debris_bricks"
    },
    {
      "block": "chipped:ancient_debris_pillar"
    },
    {
      "block": "chipped:overlapping_ancient_debris_tiles"
    },
    {
      "block": "chipped:rough_ancient_debris"
    }
  ]
}