{
  "type": "rechiseled:chiseling",
  "overwrite": false,
  "entries": [
    {
      "block": "minecraft:andesite"
    },
    {
      "block": "chipped:bordered_andesite"
    },
    {
      "block": "chipped:checkered_andesite_tiles"
    },
    {
      "block": "chipped:curly_andesite_pillar"
    },
    {
      "block": "chipped:creeper_andesite_carving"
    },
    {
      "block": "chipped:spiraled_andesite"
    },
    {
      "block": "chipped:inscribed_andesite"
    },
    {
      "block": "chipped:glad_andesite"
    },
    {
      "block": "chipped:tiled_andesite"
    },
    {
      "block": "chipped:crying_andesite"
    },
    {
      "block": "chipped:andesite_pillar_top"
    },
    {
      "block": "chipped:cut_blank_andesite"
    },
    {
      "block": "chipped:tiny_layered_andesite_bricks"
    },
    {
      "block": "chipped:vertical_disordered_andesite_bricks"
    },
    {
      "block": "chipped:overlapping_andesite_tiles"
    },
    {
      "block": "chipped:andesite_bricks"
    },
    {
      "block": "chipped:engraved_andesite"
    },
    {
      "block": "chipped:thick_inlayed_andesite"
    },
    {
      "block": "chipped:brick_bordered_andesite"
    },
    {
      "block": "chipped:layed_andesite_bricks"
    },
    {
      "block": "chipped:flat_andesite_tiles"
    },
    {
      "block": "chipped:rough_andesite"
    },
    {
      "block": "chipped:tiny_brick_bordered_andesite"
    },
    {
      "block": "chipped:smooth_andesite_column"
    },
    {
      "block": "chipped:smooth_ringed_andesite"
    },
    {
      "block": "chipped:tiled_bordered_andesite"
    },
    {
      "block": "chipped:spider_andesite_carving"
    },
    {
      "block": "chipped:etched_andesite_bricks"
    },
    {
      "block": "chipped:fine_andesite_pillar"
    },
    {
      "block": "chipped:andesite_scales"
    },
    {
      "block": "chipped:ornate_andesite_pillar"
    },
    {
      "block": "chipped:sad_andesite"
    },
    {
      "block": "chipped:small_andesite_bricks"
    },
    {
      "block": "chipped:runic_carved_andesite"
    },
    {
      "block": "chipped:stacked_andesite_bricks"
    },
    {
      "block": "chipped:rounded_andesite_bricks"
    },
    {
      "block": "chipped:duh_andesite"
    },
    {
      "block": "chipped:vertical_cut_andesite"
    },
    {
      "block": "chipped:weathered_andesite"
    },
    {
      "block": "chipped:cut_andesite_column"
    },
    {
      "block": "chipped:blank_andesite_carving"
    },
    {
      "block": "chipped:smooth_inlayed_andesite"
    },
    {
      "block": "chipped:smoothed_double_inlayed_andesite"
    },
    {
      "block": "chipped:pillar_andesite_bricks"
    },
    {
      "block": "chipped:sanded_andesite"
    },
    {
      "block": "chipped:carved_andesite"
    },
    {
      "block": "chipped:cobbled_andesite"
    },
    {
      "block": "chipped:loded_andesite"
    },
    {
      "block": "chipped:massive_andesite_bricks"
    },
    {
      "block": "chipped:tiled_andesite_column"
    },
    {
      "block": "chipped:eroded_andesite"
    },
    {
      "block": "chipped:simple_andesite_pillar"
    },
    {
      "block": "chipped:offset_andesite_bricks"
    },
    {
      "block": "chipped:angry_andesite"
    },
    {
      "block": "chipped:tiny_andesite_bricks"
    },
    {
      "block": "chipped:tiny_layered_andesite_slabs"
    },
    {
      "block": "chipped:prismal_andesite_remnants"
    },
    {
      "block": "chipped:andesite_mini_tiles"
    },
    {
      "block": "chipped:edged_andesite_bricks"
    },
    {
      "block": "chipped:cracked_disordered_andesite_bricks"
    },
    {
      "block": "chipped:trodden_andesite"
    },
    {
      "block": "chipped:inlayed_andesite"
    },
    {
      "block": "chipped:cracked_andesite_bricks"
    },
    {
      "block": "chipped:andesite_pillar"
    },
    {
      "block": "chipped:unamused_andesite"
    },
    {
      "block": "chipped:polished_andesite"
    },
    {
      "block": "chipped:cracked_flat_andesite_tiles"
    }
  ]
}