{
  "type": "rechiseled:chiseling",
  "overwrite": false,
  "entries": [
    {
      "block": "minecraft:bamboo_door"
    },
    {
      "block": "chipped:tiled_bamboo_door"
    },
    {
      "block": "chipped:beach_bamboo_door"
    },
    {
      "block": "chipped:boarded_bamboo_door"
    },
    {
      "block": "chipped:glass_bamboo_door"
    },
    {
      "block": "chipped:gated_bamboo_door"
    },
    {
      "block": "chipped:sliding_bamboo_door"
    },
    {
      "block": "chipped:paneled_bamboo_door"
    },
    {
      "block": "chipped:dual_paneled_bamboo_door"
    },
    {
      "block": "chipped:shack_bamboo_door"
    },
    {
      "block": "chipped:tile_windowed_bamboo_door"
    },
    {
      "block": "chipped:fortified_bamboo_door"
    },
    {
      "block": "chipped:screen_bamboo_door"
    },
    {
      "block": "chipped:barred_bamboo_door"
    },
    {
      "block": "chipped:heavy_bamboo_door"
    },
    {
      "block": "chipped:paper_bamboo_door"
    },
    {
      "block": "chipped:overgrown_bamboo_door"
    },
    {
      "block": "chipped:secret_bamboo_door"
    },
    {
      "block": "chipped:pressed_bamboo_door"
    },
    {
      "block": "chipped:supported_bamboo_door"
    }
  ]
}