{
  "type": "rechiseled:chiseling",
  "overwrite": false,
  "entries": [
    {
      "block": "minecraft:bamboo_trapdoor"
    },
    {
      "block": "chipped:suspicious_bamboo_trapdoor"
    },
    {
      "block": "chipped:barred_bamboo_trapdoor"
    },
    {
      "block": "chipped:fancy_bamboo_trapdoor"
    },
    {
      "block": "chipped:twisted_bamboo_trapdoor"
    },
    {
      "block": "chipped:solid_bamboo_trapdoor"
    },
    {
      "block": "chipped:classic_windowed_bamboo_trapdoor"
    },
    {
      "block": "chipped:golden_barred_bamboo_trapdoor"
    },
    {
      "block": "chipped:pointless_bamboo_trapdoor"
    },
    {
      "block": "chipped:checkered_bamboo_trapdoor"
    },
    {
      "block": "chipped:heavy_bamboo_trapdoor"
    },
    {
      "block": "chipped:classic_bamboo_trapdoor"
    },
    {
      "block": "chipped:windowed_bamboo_trapdoor"
    },
    {
      "block": "chipped:warted_bamboo_trapdoor"
    },
    {
      "block": "chipped:meshed_bamboo_trapdoor"
    },
    {
      "block": "chipped:cobweb_bamboo_trapdoor"
    },
    {
      "block": "chipped:leafy_bamboo_trapdoor"
    },
    {
      "block": "chipped:slotted_bamboo_trapdoor"
    },
    {
      "block": "chipped:vined_bamboo_trapdoor"
    },
    {
      "block": "chipped:woven_bamboo_trapdoor"
    },
    {
      "block": "chipped:distorted_bamboo_trapdoor"
    },
    {
      "block": "chipped:overgrown_bamboo_trapdoor"
    },
    {
      "block": "chipped:iron_barred_bamboo_trapdoor"
    }
  ]
}