{
  "type": "rechiseled:chiseling",
  "overwrite": false,
  "entries": [
    {
      "block": "minecraft:bamboo_planks"
    },
    {
      "block": "chipped:bamboo_planks_panel"
    },
    {
      "block": "chipped:tied_bamboo_planks"
    },
    {
      "block": "chipped:wickered_bamboo_planks"
    },
    {
      "block": "chipped:laced_bamboo_planks"
    },
    {
      "block": "chipped:diamond_bamboo_planks"
    },
    {
      "block": "chipped:diagonal_bamboo_planks"
    },
    {
      "block": "chipped:vertically_railed_bamboo_planks"
    },
    {
      "block": "chipped:brick_bond_bamboo_planks"
    },
    {
      "block": "chipped:cross_laced_bamboo_planks"
    },
    {
      "block": "chipped:double_herringbone_bamboo_planks"
    },
    {
      "block": "chipped:vertical_bamboo_planks"
    },
    {
      "block": "chipped:framed_bamboo_planks"
    },
    {
      "block": "chipped:cornered_bamboo_planks"
    },
    {
      "block": "chipped:natural_bamboo_planks"
    },
    {
      "block": "chipped:stacked_bamboo_planks"
    },
    {
      "block": "chipped:smooth_bamboo_planks"
    },
    {
      "block": "chipped:reinforced_bamboo_planks"
    },
    {
      "block": "chipped:tiled_bamboo_planks"
    },
    {
      "block": "chipped:whirlwind_bamboo_planks"
    },
    {
      "block": "chipped:boxed_bamboo_planks"
    },
    {
      "block": "chipped:fine_vertical_bamboo_planks"
    },
    {
      "block": "chipped:thin_bamboo_planks"
    },
    {
      "block": "chipped:crossed_bamboo_planks"
    },
    {
      "block": "chipped:railed_bamboo_planks"
    },
    {
      "block": "chipped:bamboo_planks_shavings"
    },
    {
      "block": "chipped:shifted_bamboo_planks"
    },
    {
      "block": "chipped:crated_bamboo_planks"
    },
    {
      "block": "chipped:fine_bamboo_planks"
    },
    {
      "block": "chipped:bamboo_planks_fine_mosaic"
    },
    {
      "block": "chipped:detailed_bamboo_planks"
    },
    {
      "block": "chipped:bricky_bamboo_planks"
    },
    {
      "block": "chipped:versailles_bamboo_planks"
    },
    {
      "block": "chipped:slanted_bamboo_planks"
    },
    {
      "block": "chipped:hewn_bamboo_planks"
    },
    {
      "block": "chipped:polished_bamboo_planks"
    },
    {
      "block": "chipped:basket_woven_bamboo_planks"
    },
    {
      "block": "chipped:herringbone_bamboo_planks"
    },
    {
      "block": "chipped:enclosed_bamboo_planks"
    }
  ]
}