{
  "type": "rechiseled:chiseling",
  "overwrite": false,
  "entries": [
    {
      "block": "minecraft:barrel"
    },
    {
      "block": "chipped:fish_barrel"
    },
    {
      "block": "chipped:birch_crate"
    },
    {
      "block": "chipped:gold_barrel"
    },
    {
      "block": "chipped:spruce_barrel"
    },
    {
      "block": "chipped:birch_barrel"
    },
    {
      "block": "chipped:oak_crate"
    },
    {
      "block": "chipped:mangrove_crate"
    },
    {
      "block": "chipped:iron_barrel"
    },
    {
      "block": "chipped:acacia_crate"
    },
    {
      "block": "chipped:mushroom_barrel"
    },
    {
      "block": "chipped:coal_barrel"
    },
    {
      "block": "chipped:reinforced_spruce_crate"
    },
    {
      "block": "chipped:reinforced_birch_crate"
    },
    {
      "block": "chipped:spruce_crate"
    },
    {
      "block": "chipped:warped_crate"
    },
    {
      "block": "chipped:oak_barrel"
    },
    {
      "block": "chipped:mangrove_tile_barrel"
    },
    {
      "block": "chipped:reinforced_crimson_crate"
    },
    {
      "block": "chipped:bamboo_barrel"
    },
    {
      "block": "chipped:gilded_barrel"
    },
    {
      "block": "chipped:dark_oak_crate"
    },
    {
      "block": "chipped:crimson_crate"
    },
    {
      "block": "chipped:reinforced_acacia_crate"
    },
    {
      "block": "chipped:reinforced_warped_crate"
    },
    {
      "block": "chipped:reinforced_oak_crate"
    },
    {
      "block": "chipped:metal_barrel"
    },
    {
      "block": "chipped:reinforced_dark_oak_crate"
    },
    {
      "block": "chipped:acacia_barrel"
    },
    {
      "block": "chipped:reinforced_jungle_crate"
    },
    {
      "block": "chipped:mangrove_brick_barrel"
    },
    {
      "block": "chipped:crimson_barrel"
    },
    {
      "block": "chipped:netherite_safe"
    },
    {
      "block": "chipped:varnished_barrel"
    },
    {
      "block": "chipped:reinforced_mangrove_crate"
    },
    {
      "block": "chipped:jungle_crate"
    },
    {
      "block": "chipped:copper_barrel"
    },
    {
      "block": "chipped:fruit_barrel"
    }
  ]
}