{
  "type": "rechiseled:chiseling",
  "overwrite": false,
  "entries": [
    {
      "block": "minecraft:basalt"
    },
    {
      "block": "chipped:prismal_basalt_remnants"
    },
    {
      "block": "chipped:bordered_basalt"
    },
    {
      "block": "chipped:curly_basalt_pillar"
    },
    {
      "block": "chipped:runic_carved_basalt"
    },
    {
      "block": "chipped:small_basalt_bricks"
    },
    {
      "block": "chipped:weathered_basalt"
    },
    {
      "block": "chipped:tiled_basalt_column"
    },
    {
      "block": "chipped:creeper_basalt_carving"
    },
    {
      "block": "chipped:flat_basalt_tiles"
    },
    {
      "block": "chipped:sanded_basalt"
    },
    {
      "block": "chipped:massive_basalt_bricks"
    },
    {
      "block": "chipped:cracked_disordered_basalt_bricks"
    },
    {
      "block": "chipped:angry_basalt"
    },
    {
      "block": "chipped:smooth_ringed_basalt"
    },
    {
      "block": "chipped:tiny_basalt_bricks"
    },
    {
      "block": "chipped:etched_basalt_bricks"
    },
    {
      "block": "chipped:spider_basalt_carving"
    },
    {
      "block": "chipped:engraved_basalt"
    },
    {
      "block": "chipped:basalt_mini_tiles"
    },
    {
      "block": "chipped:crying_basalt"
    },
    {
      "block": "chipped:rounded_basalt_bricks"
    },
    {
      "block": "chipped:thick_inlayed_basalt"
    },
    {
      "block": "chipped:inscribed_basalt"
    },
    {
      "block": "chipped:edged_basalt_bricks"
    },
    {
      "block": "chipped:smooth_basalt_column"
    },
    {
      "block": "chipped:tiny_layered_basalt_slabs"
    },
    {
      "block": "chipped:eroded_basalt"
    },
    {
      "block": "chipped:tiled_basalt"
    },
    {
      "block": "chipped:basalt_bricks"
    },
    {
      "block": "chipped:basalt_scales"
    },
    {
      "block": "chipped:ornate_basalt_pillar"
    },
    {
      "block": "chipped:offset_basalt_bricks"
    },
    {
      "block": "chipped:blank_basalt_carving"
    },
    {
      "block": "chipped:basalt_pillar"
    },
    {
      "block": "chipped:tiny_brick_bordered_basalt"
    },
    {
      "block": "chipped:pillar_basalt_bricks"
    },
    {
      "block": "chipped:basalt_pillar_top"
    },
    {
      "block": "chipped:smoothed_double_inlayed_basalt"
    },
    {
      "block": "chipped:cut_blank_basalt"
    },
    {
      "block": "chipped:simple_basalt_pillar"
    },
    {
      "block": "chipped:glad_basalt"
    },
    {
      "block": "chipped:loded_basalt"
    },
    {
      "block": "chipped:cut_basalt_column"
    },
    {
      "block": "chipped:spiraled_basalt"
    },
    {
      "block": "chipped:tiny_layered_basalt_bricks"
    },
    {
      "block": "chipped:inlayed_basalt"
    },
    {
      "block": "chipped:vertical_cut_basalt"
    },
    {
      "block": "chipped:unamused_basalt"
    },
    {
      "block": "chipped:overlapping_basalt_tiles"
    },
    {
      "block": "chipped:smooth_inlayed_basalt"
    },
    {
      "block": "chipped:tiled_bordered_basalt"
    },
    {
      "block": "chipped:cobbled_basalt"
    },
    {
      "block": "chipped:brick_bordered_basalt"
    },
    {
      "block": "chipped:duh_basalt"
    },
    {
      "block": "chipped:sad_basalt"
    },
    {
      "block": "chipped:cracked_basalt_bricks"
    },
    {
      "block": "chipped:stacked_basalt_bricks"
    },
    {
      "block": "chipped:carved_basalt"
    },
    {
      "block": "chipped:vertical_disordered_basalt_bricks"
    },
    {
      "block": "chipped:checkered_basalt_tiles"
    },
    {
      "block": "chipped:layed_basalt_bricks"
    },
    {
      "block": "chipped:polished_basalt"
    },
    {
      "block": "chipped:fine_basalt_pillar"
    },
    {
      "block": "chipped:cracked_flat_basalt_tiles"
    }
  ]
}