{
  "type": "rechiseled:chiseling",
  "overwrite": false,
  "entries": [
    {
      "block": "minecraft:birch_door"
    },
    {
      "block": "chipped:sliding_birch_door"
    },
    {
      "block": "chipped:pressed_birch_door"
    },
    {
      "block": "chipped:secret_birch_door"
    },
    {
      "block": "chipped:overgrown_birch_door"
    },
    {
      "block": "chipped:screen_birch_door"
    },
    {
      "block": "chipped:tile_windowed_birch_door"
    },
    {
      "block": "chipped:supported_birch_door"
    },
    {
      "block": "chipped:tiled_birch_door"
    },
    {
      "block": "chipped:fortified_birch_door"
    },
    {
      "block": "chipped:heavy_birch_door"
    },
    {
      "block": "chipped:barred_birch_door"
    },
    {
      "block": "chipped:dual_paneled_birch_door"
    },
    {
      "block": "chipped:paneled_birch_door"
    },
    {
      "block": "chipped:shack_birch_door"
    },
    {
      "block": "chipped:beach_birch_door"
    },
    {
      "block": "chipped:gated_birch_door"
    },
    {
      "block": "chipped:boarded_birch_door"
    },
    {
      "block": "chipped:glass_birch_door"
    },
    {
      "block": "chipped:windowed_birch_door"
    }
  ]
}