{
  "type": "rechiseled:chiseling",
  "overwrite": false,
  "entries": [
    {
      "block": "minecraft:birch_log"
    },
    {
      "block": "chipped:reinforced_birch_log"
    },
    {
      "block": "chipped:flowering_birch_log"
    },
    {
      "block": "chipped:damaged_birch_log"
    },
    {
      "block": "chipped:mixed_birch_log"
    },
    {
      "block": "chipped:nailed_birch_log"
    },
    {
      "block": "chipped:firewood_birch_log"
    },
    {
      "block": "chipped:edge_cut_birch_log"
    },
    {
      "block": "chipped:overgrown_birch_log"
    },
    {
      "block": "chipped:bundled_birch_log"
    },
    {
      "block": "chipped:center_cut_birch_log"
    },
    {
      "block": "chipped:planked_birch_log"
    }
  ]
}