{
  "type": "rechiseled:chiseling",
  "overwrite": false,
  "entries": [
    {
      "block": "minecraft:birch_planks"
    },
    {
      "block": "chipped:cross_laced_birch_planks"
    },
    {
      "block": "chipped:laced_birch_planks"
    },
    {
      "block": "chipped:double_herringbone_birch_planks"
    },
    {
      "block": "chipped:tiled_birch_planks"
    },
    {
      "block": "chipped:thin_birch_planks"
    },
    {
      "block": "chipped:fine_birch_planks"
    },
    {
      "block": "chipped:shifted_birch_planks"
    },
    {
      "block": "chipped:detailed_birch_planks"
    },
    {
      "block": "chipped:herringbone_birch_planks"
    },
    {
      "block": "chipped:stacked_birch_planks"
    },
    {
      "block": "chipped:crossed_birch_planks"
    },
    {
      "block": "chipped:diamond_birch_planks"
    },
    {
      "block": "chipped:nailed_birch_planks"
    },
    {
      "block": "chipped:hewn_birch_planks"
    },
    {
      "block": "chipped:pegged_birch_planks"
    },
    {
      "block": "chipped:vertically_railed_birch_planks"
    },
    {
      "block": "chipped:whirlwind_birch_planks"
    },
    {
      "block": "chipped:brick_bond_birch_planks"
    },
    {
      "block": "chipped:enclosed_birch_planks"
    },
    {
      "block": "chipped:basket_woven_birch_planks"
    },
    {
      "block": "chipped:crated_birch_planks"
    },
    {
      "block": "chipped:vertical_birch_planks"
    },
    {
      "block": "chipped:boxed_birch_planks"
    },
    {
      "block": "chipped:birch_planks_shavings"
    },
    {
      "block": "chipped:fine_vertical_birch_planks"
    },
    {
      "block": "chipped:birch_planks_panel"
    },
    {
      "block": "chipped:framed_birch_planks"
    },
    {
      "block": "chipped:wickered_birch_planks"
    },
    {
      "block": "chipped:railed_birch_planks"
    },
    {
      "block": "chipped:birch_planks_mosaic"
    },
    {
      "block": "chipped:polished_birch_planks"
    },
    {
      "block": "chipped:cornered_birch_planks"
    },
    {
      "block": "chipped:bricky_birch_planks"
    },
    {
      "block": "chipped:natural_birch_planks"
    },
    {
      "block": "chipped:versailles_birch_planks"
    },
    {
      "block": "chipped:diagonal_birch_planks"
    },
    {
      "block": "chipped:slanted_birch_planks"
    },
    {
      "block": "chipped:smooth_birch_planks"
    }
  ]
}