{
  "type": "rechiseled:chiseling",
  "overwrite": false,
  "entries": [
    {
      "block": "minecraft:birch_leaves"
    },
    {
      "block": "chipped:frosted_birch_leaves"
    },
    {
      "block": "chipped:white_flower_birch_leaves"
    },
    {
      "block": "chipped:orange_birch_leaves"
    },
    {
      "block": "chipped:apple_birch_leaves"
    },
    {
      "block": "chipped:golden_birch_leaves"
    },
    {
      "block": "chipped:magenta_flower_birch_leaves"
    },
    {
      "block": "chipped:dead_birch_leaves"
    },
    {
      "block": "chipped:cherry_birch_leaves"
    },
    {
      "block": "chipped:red_birch_leaves"
    },
    {
      "block": "chipped:golden_apple_birch_leaves"
    },
    {
      "block": "chipped:golden_cherry_birch_leaves"
    }
  ]
}