{
  "type": "rechiseled:chiseling",
  "overwrite": false,
  "entries": [
    {
      "block": "minecraft:birch_trapdoor"
    },
    {
      "block": "chipped:iron_barred_birch_trapdoor"
    },
    {
      "block": "chipped:leafy_birch_trapdoor"
    },
    {
      "block": "chipped:windowed_birch_trapdoor"
    },
    {
      "block": "chipped:vined_birch_trapdoor"
    },
    {
      "block": "chipped:airy_birch_trapdoor"
    },
    {
      "block": "chipped:distorted_birch_trapdoor"
    },
    {
      "block": "chipped:classic_windowed_birch_trapdoor"
    },
    {
      "block": "chipped:cobweb_birch_trapdoor"
    },
    {
      "block": "chipped:barred_birch_trapdoor"
    },
    {
      "block": "chipped:slotted_birch_trapdoor"
    },
    {
      "block": "chipped:fancy_birch_trapdoor"
    },
    {
      "block": "chipped:checkered_birch_trapdoor"
    },
    {
      "block": "chipped:twisted_birch_trapdoor"
    },
    {
      "block": "chipped:woven_birch_trapdoor"
    },
    {
      "block": "chipped:solid_birch_trapdoor"
    },
    {
      "block": "chipped:meshed_birch_trapdoor"
    },
    {
      "block": "chipped:suspicious_birch_trapdoor"
    },
    {
      "block": "chipped:golden_barred_birch_trapdoor"
    },
    {
      "block": "chipped:classic_birch_trapdoor"
    },
    {
      "block": "chipped:warted_birch_trapdoor"
    },
    {
      "block": "chipped:pointless_birch_trapdoor"
    },
    {
      "block": "chipped:overgrown_birch_trapdoor"
    },
    {
      "block": "chipped:heavy_birch_trapdoor"
    }
  ]
}