{
  "type": "rechiseled:chiseling",
  "overwrite": false,
  "entries": [
    {
      "block": "minecraft:black_concrete"
    },
    {
      "block": "chipped:hazard_black_concrete"
    },
    {
      "block": "chipped:black_concrete_tiles"
    },
    {
      "block": "chipped:striped_black_concrete"
    },
    {
      "block": "chipped:black_concrete_panel"
    },
    {
      "block": "chipped:stop_black_concrete"
    },
    {
      "block": "chipped:mosaic_black_concrete"
    },
    {
      "block": "chipped:pegged_black_concrete"
    },
    {
      "block": "chipped:warning_black_concrete"
    },
    {
      "block": "chipped:grill_black_concrete"
    },
    {
      "block": "chipped:bolted_black_concrete"
    },
    {
      "block": "chipped:stacked_black_concrete"
    },
    {
      "block": "chipped:reinforced_black_concrete"
    },
    {
      "block": "chipped:smooth_black_concrete"
    },
    {
      "block": "chipped:wired_black_concrete"
    },
    {
      "block": "chipped:creeper_black_concrete"
    },
    {
      "block": "chipped:black_concrete_bricks"
    },
    {
      "block": "chipped:rusted_black_concrete"
    },
    {
      "block": "chipped:black_concrete_pillar"
    },
    {
      "block": "chipped:railed_black_concrete"
    },
    {
      "block": "chipped:grid_black_concrete"
    }
  ]
}