{
  "type": "rechiseled:chiseling",
  "overwrite": false,
  "entries": [
    {
      "block": "minecraft:black_carpet"
    },
    {
      "block": "chipped:wickered_black_carpet"
    },
    {
      "block": "chipped:bundled_black_carpet"
    },
    {
      "block": "chipped:cubed_black_carpet"
    },
    {
      "block": "chipped:soft_black_carpet"
    },
    {
      "block": "chipped:ribbled_black_carpet"
    },
    {
      "block": "chipped:patched_black_carpet"
    },
    {
      "block": "chipped:windmill_black_carpet"
    },
    {
      "block": "chipped:harsh_quilted_black_carpet"
    },
    {
      "block": "chipped:cross_haired_black_carpet"
    },
    {
      "block": "chipped:rectangle_black_carpet"
    },
    {
      "block": "chipped:woved_black_carpet"
    },
    {
      "block": "chipped:cornered_black_carpet"
    },
    {
      "block": "chipped:tiled_black_carpet"
    },
    {
      "block": "chipped:tripped_black_carpet"
    },
    {
      "block": "chipped:knitted_black_carpet"
    },
    {
      "block": "chipped:stringed_black_carpet"
    },
    {
      "block": "chipped:barky_black_carpet"
    },
    {
      "block": "chipped:scaled_black_carpet"
    },
    {
      "block": "chipped:crafted_black_carpet"
    },
    {
      "block": "chipped:blocky_black_carpet"
    }
  ]
}