{
  "type": "rechiseled:chiseling",
  "overwrite": false,
  "entries": [
    {
      "block": "minecraft:blackstone"
    },
    {
      "block": "chipped:edged_blackstone_bricks"
    },
    {
      "block": "chipped:bordered_blackstone"
    },
    {
      "block": "chipped:flat_blackstone_tiles"
    },
    {
      "block": "chipped:sad_blackstone"
    },
    {
      "block": "chipped:blackstone_pillar_top"
    },
    {
      "block": "chipped:carved_blackstone"
    },
    {
      "block": "chipped:blackstone_pillar"
    },
    {
      "block": "chipped:glad_blackstone"
    },
    {
      "block": "chipped:offset_blackstone_bricks"
    },
    {
      "block": "chipped:blank_blackstone_carving"
    },
    {
      "block": "chipped:runic_carved_blackstone"
    },
    {
      "block": "chipped:fine_blackstone_pillar"
    },
    {
      "block": "chipped:duh_blackstone"
    },
    {
      "block": "chipped:tiny_blackstone_bricks"
    },
    {
      "block": "chipped:tiny_layered_blackstone_slabs"
    },
    {
      "block": "chipped:smooth_blackstone_column"
    },
    {
      "block": "chipped:prismal_blackstone_remnants"
    },
    {
      "block": "chipped:tiled_bordered_blackstone"
    },
    {
      "block": "chipped:rounded_blackstone_bricks"
    },
    {
      "block": "chipped:inlayed_blackstone"
    },
    {
      "block": "chipped:smooth_ringed_blackstone"
    },
    {
      "block": "chipped:vertical_cut_blackstone"
    },
    {
      "block": "chipped:ornate_blackstone_pillar"
    },
    {
      "block": "chipped:thick_inlayed_blackstone"
    },
    {
      "block": "chipped:spiraled_blackstone"
    },
    {
      "block": "chipped:cracked_disordered_blackstone_bricks"
    },
    {
      "block": "chipped:engraved_blackstone"
    },
    {
      "block": "chipped:inscribed_blackstone"
    },
    {
      "block": "chipped:simple_blackstone_pillar"
    },
    {
      "block": "chipped:angry_blackstone"
    },
    {
      "block": "chipped:loded_blackstone"
    },
    {
      "block": "chipped:brick_bordered_blackstone"
    },
    {
      "block": "chipped:smooth_inlayed_blackstone"
    },
    {
      "block": "chipped:cut_blackstone_column"
    },
    {
      "block": "chipped:unamused_blackstone"
    },
    {
      "block": "chipped:sanded_blackstone"
    },
    {
      "block": "chipped:eroded_blackstone"
    },
    {
      "block": "chipped:cracked_flat_blackstone_tiles"
    },
    {
      "block": "chipped:polished_blackstone"
    },
    {
      "block": "chipped:trodden_blackstone"
    },
    {
      "block": "chipped:tiny_brick_bordered_blackstone"
    },
    {
      "block": "chipped:spider_blackstone_carving"
    },
    {
      "block": "chipped:curly_blackstone_pillar"
    },
    {
      "block": "chipped:massive_blackstone_bricks"
    },
    {
      "block": "chipped:crying_blackstone"
    },
    {
      "block": "chipped:blackstone_mini_tiles"
    },
    {
      "block": "chipped:layed_blackstone_bricks"
    },
    {
      "block": "chipped:overlapping_blackstone_tiles"
    },
    {
      "block": "chipped:cobbled_blackstone"
    },
    {
      "block": "chipped:smooth_blackstone_bricks"
    },
    {
      "block": "chipped:checkered_blackstone_tiles"
    },
    {
      "block": "chipped:stacked_blackstone_bricks"
    },
    {
      "block": "chipped:tiny_layered_blackstone_bricks"
    },
    {
      "block": "chipped:tiled_blackstone_column"
    },
    {
      "block": "chipped:creeper_blackstone_carving"
    },
    {
      "block": "chipped:small_blackstone_bricks"
    },
    {
      "block": "chipped:blackstone_scales"
    },
    {
      "block": "chipped:pillar_blackstone_bricks"
    },
    {
      "block": "chipped:tiled_blackstone"
    },
    {
      "block": "chipped:smoothed_double_inlayed_blackstone"
    },
    {
      "block": "chipped:cut_blank_blackstone"
    },
    {
      "block": "chipped:etched_blackstone_bricks"
    },
    {
      "block": "chipped:vertical_disordered_blackstone_bricks"
    }
  ]
}