{
  "type": "rechiseled:chiseling",
  "overwrite": false,
  "entries": [
    {
      "block": "minecraft:black_stained_glass"
    },
    {
      "block": "chipped:raster_black_stained_glass"
    },
    {
      "block": "chipped:arched_black_stained_glass_pillar"
    },
    {
      "block": "chipped:circular_black_stained_glass"
    },
    {
      "block": "chipped:fancy_black_stained_glass"
    },
    {
      "block": "chipped:large_diamond_black_stained_glass"
    },
    {
      "block": "chipped:vertical_stiped_black_stained_glass"
    },
    {
      "block": "chipped:woven_black_stained_glass"
    },
    {
      "block": "chipped:square_black_stained_glass"
    },
    {
      "block": "chipped:ornate_black_stained_glass"
    },
    {
      "block": "chipped:small_black_stained_glass"
    },
    {
      "block": "chipped:tiled_black_stained_glass"
    }
  ]
}