{
  "type": "rechiseled:chiseling",
  "overwrite": false,
  "entries": [
    {
      "block": "minecraft:black_glazed_terracotta"
    },
    {
      "block": "chipped:black_glazed_terracotta_pillar_sides"
    },
    {
      "block": "chipped:hexagonical_black_glazed_terracotta"
    },
    {
      "block": "chipped:minimized_black_glazed_terracotta"
    },
    {
      "block": "chipped:black_glazed_terracotta_tiles"
    },
    {
      "block": "chipped:black_glazed_terracotta_pillar_top"
    },
    {
      "block": "chipped:shrunken_black_glazed_terracotta"
    },
    {
      "block": "chipped:black_glazed_terracotta_smooth_tiles"
    },
    {
      "block": "chipped:waved_black_glazed_terracotta"
    },
    {
      "block": "chipped:starry_black_glazed_terracotta"
    },
    {
      "block": "chipped:decorated_black_glazed_terracotta"
    },
    {
      "block": "chipped:paved_black_glazed_terracotta"
    }
  ]
}