{
  "type": "rechiseled:chiseling",
  "overwrite": false,
  "entries": [
    {
      "block": "minecraft:black_terracotta"
    },
    {
      "block": "chipped:decorated_black_terracotta"
    },
    {
      "block": "chipped:black_terracotta_pillar"
    },
    {
      "block": "chipped:hexagonical_black_terracotta"
    },
    {
      "block": "chipped:black_terracotta_bricks"
    },
    {
      "block": "chipped:inscribed_black_terracotta"
    },
    {
      "block": "chipped:triangular_black_terracotta"
    },
    {
      "block": "chipped:cut_black_terracotta"
    },
    {
      "block": "chipped:black_terracotta_column"
    },
    {
      "block": "chipped:black_terracotta_tiles"
    },
    {
      "block": "chipped:small_black_terracotta_tiles"
    },
    {
      "block": "chipped:black_terracotta_tile"
    },
    {
      "block": "chipped:crossed_black_terracotta"
    },
    {
      "block": "chipped:curled_black_terracotta"
    },
    {
      "block": "chipped:chiseled_black_terracotta"
    },
    {
      "block": "chipped:layered_black_terracotta"
    },
    {
      "block": "chipped:circular_black_terracotta"
    },
    {
      "block": "chipped:starry_black_terracotta"
    }
  ]
}