{
  "type": "rechiseled:chiseling",
  "overwrite": false,
  "entries": [
    {
      "block": "minecraft:blue_carpet"
    },
    {
      "block": "chipped:blocky_blue_carpet"
    },
    {
      "block": "chipped:ribbled_blue_carpet"
    },
    {
      "block": "chipped:patched_blue_carpet"
    },
    {
      "block": "chipped:barky_blue_carpet"
    },
    {
      "block": "chipped:harsh_quilted_blue_carpet"
    },
    {
      "block": "chipped:knitted_blue_carpet"
    },
    {
      "block": "chipped:rectangle_blue_carpet"
    },
    {
      "block": "chipped:bundled_blue_carpet"
    },
    {
      "block": "chipped:soft_blue_carpet"
    },
    {
      "block": "chipped:cubed_blue_carpet"
    },
    {
      "block": "chipped:cornered_blue_carpet"
    },
    {
      "block": "chipped:wickered_blue_carpet"
    },
    {
      "block": "chipped:woved_blue_carpet"
    },
    {
      "block": "chipped:tiled_blue_carpet"
    },
    {
      "block": "chipped:tripped_blue_carpet"
    },
    {
      "block": "chipped:windmill_blue_carpet"
    },
    {
      "block": "chipped:scaled_blue_carpet"
    },
    {
      "block": "chipped:crafted_blue_carpet"
    },
    {
      "block": "chipped:stringed_blue_carpet"
    },
    {
      "block": "chipped:cross_haired_blue_carpet"
    }
  ]
}