{
  "type": "rechiseled:chiseling",
  "overwrite": false,
  "entries": [
    {
      "block": "minecraft:blue_concrete"
    },
    {
      "block": "chipped:hazard_blue_concrete"
    },
    {
      "block": "chipped:warning_blue_concrete"
    },
    {
      "block": "chipped:bolted_blue_concrete"
    },
    {
      "block": "chipped:blue_concrete_bricks"
    },
    {
      "block": "chipped:pegged_blue_concrete"
    },
    {
      "block": "chipped:blue_concrete_pillar"
    },
    {
      "block": "chipped:rusted_blue_concrete"
    },
    {
      "block": "chipped:blue_concrete_panel"
    },
    {
      "block": "chipped:creeper_blue_concrete"
    },
    {
      "block": "chipped:grid_blue_concrete"
    },
    {
      "block": "chipped:smooth_blue_concrete"
    },
    {
      "block": "chipped:mosaic_blue_concrete"
    },
    {
      "block": "chipped:blue_concrete_tiles"
    },
    {
      "block": "chipped:wired_blue_concrete"
    },
    {
      "block": "chipped:reinforced_blue_concrete"
    },
    {
      "block": "chipped:stacked_blue_concrete"
    },
    {
      "block": "chipped:grill_blue_concrete"
    },
    {
      "block": "chipped:striped_blue_concrete"
    },
    {
      "block": "chipped:stop_blue_concrete"
    },
    {
      "block": "chipped:railed_blue_concrete"
    }
  ]
}