{
  "type": "rechiseled:chiseling",
  "overwrite": false,
  "entries": [
    {
      "block": "minecraft:blue_stained_glass"
    },
    {
      "block": "chipped:small_blue_stained_glass"
    },
    {
      "block": "chipped:arched_blue_stained_glass_pillar"
    },
    {
      "block": "chipped:woven_blue_stained_glass"
    },
    {
      "block": "chipped:fancy_blue_stained_glass"
    },
    {
      "block": "chipped:square_blue_stained_glass"
    },
    {
      "block": "chipped:tiled_blue_stained_glass"
    },
    {
      "block": "chipped:vertical_stiped_blue_stained_glass"
    },
    {
      "block": "chipped:raster_blue_stained_glass"
    },
    {
      "block": "chipped:circular_blue_stained_glass"
    },
    {
      "block": "chipped:large_diamond_blue_stained_glass"
    },
    {
      "block": "chipped:ornate_blue_stained_glass"
    }
  ]
}