{
  "type": "rechiseled:chiseling",
  "overwrite": false,
  "entries": [
    {
      "block": "minecraft:blue_terracotta"
    },
    {
      "block": "chipped:blue_terracotta_bricks"
    },
    {
      "block": "chipped:small_blue_terracotta_tiles"
    },
    {
      "block": "chipped:chiseled_blue_terracotta"
    },
    {
      "block": "chipped:inscribed_blue_terracotta"
    },
    {
      "block": "chipped:blue_terracotta_tile"
    },
    {
      "block": "chipped:cut_blue_terracotta"
    },
    {
      "block": "chipped:blue_terracotta_pillar"
    },
    {
      "block": "chipped:decorated_blue_terracotta"
    },
    {
      "block": "chipped:circular_blue_terracotta"
    },
    {
      "block": "chipped:layered_blue_terracotta"
    },
    {
      "block": "chipped:blue_terracotta_tiles"
    },
    {
      "block": "chipped:hexagonical_blue_terracotta"
    },
    {
      "block": "chipped:triangular_blue_terracotta"
    },
    {
      "block": "chipped:blue_terracotta_column"
    },
    {
      "block": "chipped:curled_blue_terracotta"
    },
    {
      "block": "chipped:starry_blue_terracotta"
    },
    {
      "block": "chipped:crossed_blue_terracotta"
    }
  ]
}