{
  "type": "rechiseled:chiseling",
  "overwrite": false,
  "entries": [
    {
      "block": "minecraft:blue_ice"
    },
    {
      "block": "chipped:cobbled_blue_ice"
    },
    {
      "block": "chipped:tiny_layered_blue_ice_slabs"
    },
    {
      "block": "chipped:blue_ice_mini_tiles"
    },
    {
      "block": "chipped:blue_ice_pillar"
    },
    {
      "block": "chipped:simple_blue_ice_pillar"
    },
    {
      "block": "chipped:smooth_ringed_blue_ice"
    },
    {
      "block": "chipped:tiny_layered_blue_ice_bricks"
    },
    {
      "block": "chipped:bordered_blue_ice"
    },
    {
      "block": "chipped:tiny_blue_ice_bricks"
    },
    {
      "block": "chipped:layed_blue_ice_bricks"
    },
    {
      "block": "chipped:cracked_disordered_blue_ice_bricks"
    },
    {
      "block": "chipped:ornate_blue_ice_pillar"
    },
    {
      "block": "chipped:inlayed_blue_ice"
    },
    {
      "block": "chipped:blank_blue_ice_carving"
    },
    {
      "block": "chipped:blue_ice_pillar_top"
    },
    {
      "block": "chipped:angry_blue_ice"
    },
    {
      "block": "chipped:flat_blue_ice_tiles"
    },
    {
      "block": "chipped:tiled_blue_ice"
    },
    {
      "block": "chipped:blue_ice_bricks"
    },
    {
      "block": "chipped:engraved_blue_ice"
    },
    {
      "block": "chipped:duh_blue_ice"
    },
    {
      "block": "chipped:glad_blue_ice"
    },
    {
      "block": "chipped:tiny_brick_bordered_blue_ice"
    },
    {
      "block": "chipped:crying_blue_ice"
    },
    {
      "block": "chipped:pillar_blue_ice_bricks"
    },
    {
      "block": "chipped:spiraled_blue_ice"
    },
    {
      "block": "chipped:carved_blue_ice"
    },
    {
      "block": "chipped:weathered_blue_ice"
    },
    {
      "block": "chipped:inscribed_blue_ice"
    },
    {
      "block": "chipped:brick_bordered_blue_ice"
    },
    {
      "block": "chipped:smooth_inlayed_blue_ice"
    },
    {
      "block": "chipped:smooth_blue_ice_column"
    },
    {
      "block": "chipped:loded_blue_ice"
    },
    {
      "block": "chipped:sad_blue_ice"
    },
    {
      "block": "chipped:creeper_blue_ice_carving"
    },
    {
      "block": "chipped:thick_inlayed_blue_ice"
    },
    {
      "block": "chipped:blue_ice_scales"
    },
    {
      "block": "chipped:offset_blue_ice_bricks"
    },
    {
      "block": "chipped:trodden_blue_ice"
    },
    {
      "block": "chipped:cut_blue_ice_column"
    },
    {
      "block": "chipped:checkered_blue_ice_tiles"
    },
    {
      "block": "chipped:prismal_blue_ice_remnants"
    },
    {
      "block": "chipped:massive_blue_ice_bricks"
    },
    {
      "block": "chipped:sanded_blue_ice"
    },
    {
      "block": "chipped:tiled_bordered_blue_ice"
    },
    {
      "block": "chipped:curly_blue_ice_pillar"
    },
    {
      "block": "chipped:runic_carved_blue_ice"
    },
    {
      "block": "chipped:small_blue_ice_bricks"
    },
    {
      "block": "chipped:rough_blue_ice"
    },
    {
      "block": "chipped:vertical_cut_blue_ice"
    },
    {
      "block": "chipped:tiled_blue_ice_column"
    },
    {
      "block": "chipped:overlapping_blue_ice_tiles"
    },
    {
      "block": "chipped:cracked_blue_ice_bricks"
    },
    {
      "block": "chipped:smoothed_double_inlayed_blue_ice"
    },
    {
      "block": "chipped:cracked_flat_blue_ice_tiles"
    },
    {
      "block": "chipped:edged_blue_ice_bricks"
    },
    {
      "block": "chipped:spider_blue_ice_carving"
    },
    {
      "block": "chipped:rounded_blue_ice_bricks"
    },
    {
      "block": "chipped:unamused_blue_ice"
    },
    {
      "block": "chipped:polished_blue_ice"
    },
    {
      "block": "chipped:cut_blank_blue_ice"
    },
    {
      "block": "chipped:vertical_disordered_blue_ice_bricks"
    },
    {
      "block": "chipped:eroded_blue_ice"
    },
    {
      "block": "chipped:fine_blue_ice_pillar"
    },
    {
      "block": "chipped:etched_blue_ice_bricks"
    },
    {
      "block": "chipped:stacked_blue_ice_bricks"
    }
  ]
}