{
  "type": "rechiseled:chiseling",
  "overwrite": false,
  "entries": [
    {
      "block": "minecraft:blue_glazed_terracotta"
    },
    {
      "block": "chipped:hexagonical_blue_glazed_terracotta"
    },
    {
      "block": "chipped:starry_blue_glazed_terracotta"
    },
    {
      "block": "chipped:shrunken_blue_glazed_terracotta"
    },
    {
      "block": "chipped:minimized_blue_glazed_terracotta"
    },
    {
      "block": "chipped:blue_glazed_terracotta_pillar_top"
    },
    {
      "block": "chipped:blue_glazed_terracotta_smooth_tiles"
    },
    {
      "block": "chipped:blue_glazed_terracotta_pillar_sides"
    },
    {
      "block": "chipped:blue_glazed_terracotta_tiles"
    },
    {
      "block": "chipped:waved_blue_glazed_terracotta"
    },
    {
      "block": "chipped:paved_blue_glazed_terracotta"
    },
    {
      "block": "chipped:decorated_blue_glazed_terracotta"
    }
  ]
}