{
  "type": "rechiseled:chiseling",
  "overwrite": false,
  "entries": [
    {
      "block": "minecraft:bookshelf"
    },
    {
      "block": "chipped:full_bookshelf"
    },
    {
      "block": "chipped:botanical_oak_cubed_bookshelf"
    },
    {
      "block": "chipped:vertical_oak_lighted_bookshelf"
    },
    {
      "block": "chipped:cubed_oak_webbed_bookshelf"
    },
    {
      "block": "chipped:vertical_oak_webbed_bookshelf"
    },
    {
      "block": "chipped:mixed_cubed_oak_bookshelf"
    },
    {
      "block": "chipped:oak_spaced_large_bookshelf"
    },
    {
      "block": "chipped:historical_oak_large_bookshelf"
    },
    {
      "block": "chipped:historical_oak_bookshelf"
    },
    {
      "block": "chipped:vertical_botanical_oak_bookshelf"
    },
    {
      "block": "chipped:botanical_oak_bookshelf"
    },
    {
      "block": "chipped:oak_spaced_bookshelf"
    },
    {
      "block": "chipped:botanical_oak_large_bookshelf"
    },
    {
      "block": "chipped:oak_lighted_bookshelf"
    },
    {
      "block": "chipped:cubed_oak_spaced_bookshelf"
    },
    {
      "block": "chipped:curvy_bookshelf"
    },
    {
      "block": "chipped:cubed_oak_empty_bookshelf"
    },
    {
      "block": "chipped:ancient_vertical_oak_bookshelf"
    },
    {
      "block": "chipped:oak_webbed_bookshelf"
    },
    {
      "block": "chipped:dusty_bookshelf"
    },
    {
      "block": "chipped:oak_empty_bookshelf"
    },
    {
      "block": "chipped:vertical_oak_bookshelf"
    },
    {
      "block": "chipped:oak_large_bookshelf"
    },
    {
      "block": "chipped:vertical_mixed_oak_bookshelf"
    },
    {
      "block": "chipped:oak_lighted_large_bookshelf"
    },
    {
      "block": "chipped:ancient_oak_large_bookshelf"
    },
    {
      "block": "chipped:mixed_oak_large_bookshelf"
    },
    {
      "block": "chipped:mixed_oak_bookshelf"
    },
    {
      "block": "chipped:oak_bookshelf"
    },
    {
      "block": "chipped:ancient_oak_bookshelf"
    },
    {
      "block": "chipped:ancient_cubed_oak_bookshelf"
    },
    {
      "block": "chipped:cubed_oak_bookshelf"
    },
    {
      "block": "chipped:oak_webbed_large_bookshelf"
    }
  ]
}