{
  "type": "rechiseled:chiseling",
  "overwrite": false,
  "entries": [
    {
      "block": "minecraft:bricks"
    },
    {
      "block": "chipped:tiled_borderless_bricks"
    },
    {
      "block": "chipped:thick_inlayed_borderless_bricks"
    },
    {
      "block": "chipped:cut_bricks_column"
    },
    {
      "block": "chipped:simple_bricks_pillar"
    },
    {
      "block": "chipped:tiny_borderless_bricks_bricks"
    },
    {
      "block": "chipped:glad_borderless_bricks"
    },
    {
      "block": "chipped:edged_borderless_bricks_bricks"
    },
    {
      "block": "chipped:pillar_bricks_bricks"
    },
    {
      "block": "chipped:blank_borderless_bricks_carving"
    },
    {
      "block": "chipped:tiny_layered_bricks_slabs"
    },
    {
      "block": "chipped:overlapping_borderless_bricks_tiles"
    },
    {
      "block": "chipped:runic_carved_borderless_bricks"
    },
    {
      "block": "chipped:angry_borderless_bricks"
    },
    {
      "block": "chipped:smooth_bricks_column"
    },
    {
      "block": "chipped:smooth_inlayed_bricks"
    },
    {
      "block": "chipped:cut_blank_bricks"
    },
    {
      "block": "chipped:smoothed_double_inlayed_bricks"
    },
    {
      "block": "chipped:rounded_bricks_bricks"
    },
    {
      "block": "chipped:polished_borderless_bricks"
    },
    {
      "block": "chipped:carved_borderless_bricks"
    },
    {
      "block": "chipped:fine_bricks_pillar"
    },
    {
      "block": "chipped:unamused_bricks"
    },
    {
      "block": "chipped:borderless_bricks_pillar"
    },
    {
      "block": "chipped:bricks_scales"
    },
    {
      "block": "chipped:weathered_bricks"
    },
    {
      "block": "chipped:smoothed_double_inlayed_borderless_bricks"
    },
    {
      "block": "chipped:borderless_bricks_scales"
    },
    {
      "block": "chipped:cut_borderless_bricks_column"
    },
    {
      "block": "chipped:duh_bricks"
    },
    {
      "block": "chipped:cracked_borderless_bricks_bricks"
    },
    {
      "block": "chipped:vertical_disordered_borderless_bricks_bricks"
    },
    {
      "block": "chipped:flat_borderless_bricks_tiles"
    },
    {
      "block": "chipped:borderless_bricks_mini_tiles"
    },
    {
      "block": "chipped:prismal_bricks_remnants"
    },
    {
      "block": "chipped:brick_bordered_borderless_bricks"
    },
    {
      "block": "chipped:massive_bricks_bricks"
    },
    {
      "block": "chipped:tiled_bordered_bricks"
    },
    {
      "block": "chipped:eroded_borderless_bricks"
    },
    {
      "block": "chipped:pillar_borderless_bricks_bricks"
    },
    {
      "block": "chipped:thick_inlayed_bricks"
    },
    {
      "block": "chipped:etched_bricks_bricks"
    },
    {
      "block": "chipped:brick_bordered_bricks"
    },
    {
      "block": "chipped:bricks_pillar"
    },
    {
      "block": "chipped:sad_borderless_bricks"
    },
    {
      "block": "chipped:borderless_bricks_bricks"
    },
    {
      "block": "chipped:cracked_flat_borderless_bricks_tiles"
    },
    {
      "block": "chipped:overlapping_bricks_tiles"
    },
    {
      "block": "chipped:cobbled_borderless_bricks"
    },
    {
      "block": "chipped:bricks_mini_tiles"
    },
    {
      "block": "chipped:spider_bricks_carving"
    },
    {
      "block": "chipped:spiraled_bricks"
    },
    {
      "block": "chipped:rough_bricks"
    },
    {
      "block": "chipped:sad_bricks"
    },
    {
      "block": "chipped:engraved_borderless_bricks"
    },
    {
      "block": "chipped:borderless_bricks_pillar_top"
    },
    {
      "block": "chipped:stacked_bricks_bricks"
    },
    {
      "block": "chipped:polished_bricks"
    },
    {
      "block": "chipped:loded_bricks"
    },
    {
      "block": "chipped:rounded_borderless_bricks_bricks"
    },
    {
      "block": "chipped:weathered_borderless_bricks"
    },
    {
      "block": "chipped:ornate_borderless_bricks_pillar"
    },
    {
      "block": "chipped:trodden_bricks"
    },
    {
      "block": "chipped:etched_borderless_bricks_bricks"
    },
    {
      "block": "chipped:smooth_borderless_bricks_column"
    },
    {
      "block": "chipped:angry_bricks"
    },
    {
      "block": "chipped:smooth_ringed_borderless_bricks"
    },
    {
      "block": "chipped:inscribed_bricks"
    },
    {
      "block": "chipped:sanded_borderless_bricks"
    },
    {
      "block": "chipped:duh_borderless_bricks"
    },
    {
      "block": "chipped:crying_borderless_bricks"
    },
    {
      "block": "chipped:tiled_bricks_column"
    },
    {
      "block": "chipped:glad_bricks"
    },
    {
      "block": "chipped:stacked_borderless_bricks_bricks"
    },
    {
      "block": "chipped:unamused_borderless_bricks"
    },
    {
      "block": "chipped:offset_borderless_bricks_bricks"
    },
    {
      "block": "chipped:runic_carved_bricks"
    },
    {
      "block": "chipped:fine_borderless_bricks_pillar"
    },
    {
      "block": "chipped:tiled_borderless_bricks_column"
    },
    {
      "block": "chipped:bordered_borderless_bricks"
    },
    {
      "block": "chipped:cobbled_bricks"
    },
    {
      "block": "chipped:tiny_layered_bricks_bricks"
    },
    {
      "block": "chipped:cracked_disordered_borderless_bricks_bricks"
    },
    {
      "block": "chipped:simple_borderless_bricks_pillar"
    },
    {
      "block": "chipped:creeper_bricks_carving"
    },
    {
      "block": "chipped:cracked_bricks_bricks"
    },
    {
      "block": "chipped:ornate_bricks_pillar"
    },
    {
      "block": "chipped:cut_blank_borderless_bricks"
    },
    {
      "block": "chipped:bricks_bricks"
    },
    {
      "block": "chipped:carved_bricks"
    },
    {
      "block": "chipped:spiraled_borderless_bricks"
    },
    {
      "block": "chipped:small_borderless_bricks_bricks"
    },
    {
      "block": "chipped:bricks_pillar_top"
    },
    {
      "block": "chipped:edged_bricks_bricks"
    },
    {
      "block": "chipped:inlayed_borderless_bricks"
    },
    {
      "block": "chipped:prismal_borderless_bricks_remnants"
    },
    {
      "block": "chipped:flat_bricks_tiles"
    },
    {
      "block": "chipped:smooth_ringed_bricks"
    },
    {
      "block": "chipped:sanded_bricks"
    },
    {
      "block": "chipped:engraved_bricks"
    },
    {
      "block": "chipped:smooth_inlayed_borderless_bricks"
    },
    {
      "block": "chipped:cracked_disordered_bricks_bricks"
    },
    {
      "block": "chipped:tiny_bricks_bricks"
    },
    {
      "block": "chipped:inscribed_borderless_bricks"
    },
    {
      "block": "chipped:blank_bricks_carving"
    },
    {
      "block": "chipped:vertical_cut_borderless_bricks"
    },
    {
      "block": "chipped:vertical_cut_bricks"
    },
    {
      "block": "chipped:loded_borderless_bricks"
    },
    {
      "block": "chipped:trodden_borderless_bricks"
    },
    {
      "block": "chipped:tiled_bordered_borderless_bricks"
    },
    {
      "block": "chipped:vertical_disordered_bricks_bricks"
    },
    {
      "block": "chipped:spider_borderless_bricks_carving"
    },
    {
      "block": "chipped:tiled_bricks"
    },
    {
      "block": "chipped:small_bricks_bricks"
    },
    {
      "block": "chipped:tiny_brick_bordered_bricks"
    },
    {
      "block": "chipped:checkered_borderless_bricks_tiles"
    },
    {
      "block": "chipped:creeper_borderless_bricks_carving"
    },
    {
      "block": "chipped:offset_bricks_bricks"
    },
    {
      "block": "chipped:rough_borderless_bricks"
    },
    {
      "block": "chipped:inlayed_bricks"
    },
    {
      "block": "chipped:eroded_bricks"
    },
    {
      "block": "chipped:tiny_brick_bordered_borderless_bricks"
    },
    {
      "block": "chipped:crying_bricks"
    },
    {
      "block": "chipped:tiny_layered_borderless_bricks_slabs"
    },
    {
      "block": "chipped:curly_borderless_bricks_pillar"
    },
    {
      "block": "chipped:checkered_bricks_tiles"
    },
    {
      "block": "chipped:massive_borderless_bricks_bricks"
    },
    {
      "block": "chipped:cracked_flat_bricks_tiles"
    },
    {
      "block": "chipped:bordered_bricks"
    },
    {
      "block": "chipped:curly_bricks_pillar"
    },
    {
      "block": "chipped:tiny_layered_borderless_bricks_bricks"
    }
  ]
}