{
  "type": "rechiseled:chiseling",
  "overwrite": false,
  "entries": [
    {
      "block": "minecraft:brown_carpet"
    },
    {
      "block": "chipped:windmill_brown_carpet"
    },
    {
      "block": "chipped:knitted_brown_carpet"
    },
    {
      "block": "chipped:bundled_brown_carpet"
    },
    {
      "block": "chipped:wickered_brown_carpet"
    },
    {
      "block": "chipped:patched_brown_carpet"
    },
    {
      "block": "chipped:woved_brown_carpet"
    },
    {
      "block": "chipped:soft_brown_carpet"
    },
    {
      "block": "chipped:tripped_brown_carpet"
    },
    {
      "block": "chipped:harsh_quilted_brown_carpet"
    },
    {
      "block": "chipped:tiled_brown_carpet"
    },
    {
      "block": "chipped:scaled_brown_carpet"
    },
    {
      "block": "chipped:crafted_brown_carpet"
    },
    {
      "block": "chipped:cornered_brown_carpet"
    },
    {
      "block": "chipped:cubed_brown_carpet"
    },
    {
      "block": "chipped:barky_brown_carpet"
    },
    {
      "block": "chipped:cross_haired_brown_carpet"
    },
    {
      "block": "chipped:rectangle_brown_carpet"
    },
    {
      "block": "chipped:stringed_brown_carpet"
    },
    {
      "block": "chipped:blocky_brown_carpet"
    },
    {
      "block": "chipped:ribbled_brown_carpet"
    }
  ]
}