{
  "type": "rechiseled:chiseling",
  "overwrite": false,
  "entries": [
    {
      "block": "minecraft:brown_stained_glass"
    },
    {
      "block": "chipped:ornate_brown_stained_glass"
    },
    {
      "block": "chipped:tiled_brown_stained_glass"
    },
    {
      "block": "chipped:square_brown_stained_glass"
    },
    {
      "block": "chipped:small_brown_stained_glass"
    },
    {
      "block": "chipped:fancy_brown_stained_glass"
    },
    {
      "block": "chipped:woven_brown_stained_glass"
    },
    {
      "block": "chipped:large_diamond_brown_stained_glass"
    },
    {
      "block": "chipped:vertical_stiped_brown_stained_glass"
    },
    {
      "block": "chipped:arched_brown_stained_glass_pillar"
    },
    {
      "block": "chipped:raster_brown_stained_glass"
    },
    {
      "block": "chipped:circular_brown_stained_glass"
    }
  ]
}