{
  "type": "rechiseled:chiseling",
  "overwrite": false,
  "entries": [
    {
      "block": "minecraft:brown_terracotta"
    },
    {
      "block": "chipped:crossed_brown_terracotta"
    },
    {
      "block": "chipped:decorated_brown_terracotta"
    },
    {
      "block": "chipped:triangular_brown_terracotta"
    },
    {
      "block": "chipped:inscribed_brown_terracotta"
    },
    {
      "block": "chipped:curled_brown_terracotta"
    },
    {
      "block": "chipped:hexagonical_brown_terracotta"
    },
    {
      "block": "chipped:brown_terracotta_pillar"
    },
    {
      "block": "chipped:starry_brown_terracotta"
    },
    {
      "block": "chipped:brown_terracotta_bricks"
    },
    {
      "block": "chipped:chiseled_brown_terracotta"
    },
    {
      "block": "chipped:cut_brown_terracotta"
    },
    {
      "block": "chipped:brown_terracotta_tile"
    },
    {
      "block": "chipped:small_brown_terracotta_tiles"
    },
    {
      "block": "chipped:brown_terracotta_column"
    },
    {
      "block": "chipped:layered_brown_terracotta"
    },
    {
      "block": "chipped:circular_brown_terracotta"
    },
    {
      "block": "chipped:brown_terracotta_tiles"
    }
  ]
}