{
  "type": "rechiseled:chiseling",
  "overwrite": false,
  "entries": [
    {
      "block": "minecraft:brown_mushroom"
    },
    {
      "block": "chipped:hooded_brown_mushroom"
    },
    {
      "block": "chipped:wicked_brown_mushroom"
    },
    {
      "block": "chipped:bulbed_brown_mushroom"
    },
    {
      "block": "chipped:button_brown_mushroom"
    },
    {
      "block": "chipped:brown_mushroom_cluster"
    },
    {
      "block": "chipped:double_brown_mushroom"
    },
    {
      "block": "chipped:mini_brown_mushroom"
    },
    {
      "block": "chipped:umbrella_brown_mushroom"
    },
    {
      "block": "chipped:brown_mushroom_bulb"
    },
    {
      "block": "chipped:franken_brown_mushroom"
    },
    {
      "block": "chipped:micro_brown_mushroom"
    },
    {
      "block": "chipped:brown_mushroom_bushel"
    },
    {
      "block": "chipped:clustered_brown_mushroom"
    },
    {
      "block": "chipped:brown_mushroom_trio"
    }
  ]
}