{
  "type": "rechiseled:chiseling",
  "overwrite": false,
  "entries": [
    {
      "block": "minecraft:brown_glazed_terracotta"
    },
    {
      "block": "chipped:paved_brown_glazed_terracotta"
    },
    {
      "block": "chipped:shrunken_brown_glazed_terracotta"
    },
    {
      "block": "chipped:brown_glazed_terracotta_smooth_tiles"
    },
    {
      "block": "chipped:minimized_brown_glazed_terracotta"
    },
    {
      "block": "chipped:decorated_brown_glazed_terracotta"
    },
    {
      "block": "chipped:waved_brown_glazed_terracotta"
    },
    {
      "block": "chipped:hexagonical_brown_glazed_terracotta"
    },
    {
      "block": "chipped:brown_glazed_terracotta_pillar_sides"
    },
    {
      "block": "chipped:brown_glazed_terracotta_pillar_top"
    },
    {
      "block": "chipped:starry_brown_glazed_terracotta"
    },
    {
      "block": "chipped:brown_glazed_terracotta_tiles"
    }
  ]
}