{
  "type": "rechiseled:chiseling",
  "overwrite": false,
  "entries": [
    {
      "block": "minecraft:brown_concrete"
    },
    {
      "block": "chipped:stacked_brown_concrete"
    },
    {
      "block": "chipped:wired_brown_concrete"
    },
    {
      "block": "chipped:pegged_brown_concrete"
    },
    {
      "block": "chipped:rusted_brown_concrete"
    },
    {
      "block": "chipped:smooth_brown_concrete"
    },
    {
      "block": "chipped:grill_brown_concrete"
    },
    {
      "block": "chipped:warning_brown_concrete"
    },
    {
      "block": "chipped:striped_brown_concrete"
    },
    {
      "block": "chipped:brown_concrete_tiles"
    },
    {
      "block": "chipped:railed_brown_concrete"
    },
    {
      "block": "chipped:hazard_brown_concrete"
    },
    {
      "block": "chipped:brown_concrete_panel"
    },
    {
      "block": "chipped:grid_brown_concrete"
    },
    {
      "block": "chipped:brown_concrete_pillar"
    },
    {
      "block": "chipped:brown_concrete_bricks"
    },
    {
      "block": "chipped:reinforced_brown_concrete"
    },
    {
      "block": "chipped:bolted_brown_concrete"
    },
    {
      "block": "chipped:mosaic_brown_concrete"
    },
    {
      "block": "chipped:stop_brown_concrete"
    },
    {
      "block": "chipped:creeper_brown_concrete"
    }
  ]
}