{
  "type": "rechiseled:chiseling",
  "overwrite": false,
  "entries": [
    {
      "block": "minecraft:calcite"
    },
    {
      "block": "chipped:ornate_calcite_pillar"
    },
    {
      "block": "chipped:blank_calcite_carving"
    },
    {
      "block": "chipped:spiraled_calcite"
    },
    {
      "block": "chipped:brick_bordered_calcite"
    },
    {
      "block": "chipped:spider_calcite_carving"
    },
    {
      "block": "chipped:tiled_bordered_calcite"
    },
    {
      "block": "chipped:etched_calcite_bricks"
    },
    {
      "block": "chipped:tiled_calcite"
    },
    {
      "block": "chipped:edged_calcite_bricks"
    },
    {
      "block": "chipped:sanded_calcite"
    },
    {
      "block": "chipped:calcite_pillar_top"
    },
    {
      "block": "chipped:smooth_inlayed_calcite"
    },
    {
      "block": "chipped:pillar_calcite_bricks"
    },
    {
      "block": "chipped:glad_calcite"
    },
    {
      "block": "chipped:trodden_calcite"
    },
    {
      "block": "chipped:simple_calcite_pillar"
    },
    {
      "block": "chipped:prismal_calcite_remnants"
    },
    {
      "block": "chipped:vertical_disordered_calcite_bricks"
    },
    {
      "block": "chipped:weathered_calcite"
    },
    {
      "block": "chipped:calcite_mini_tiles"
    },
    {
      "block": "chipped:cobbled_calcite"
    },
    {
      "block": "chipped:tiny_brick_bordered_calcite"
    },
    {
      "block": "chipped:engraved_calcite"
    },
    {
      "block": "chipped:cut_calcite_column"
    },
    {
      "block": "chipped:rounded_calcite_bricks"
    },
    {
      "block": "chipped:curly_calcite_pillar"
    },
    {
      "block": "chipped:inscribed_calcite"
    },
    {
      "block": "chipped:cracked_disordered_calcite_bricks"
    },
    {
      "block": "chipped:creeper_calcite_carving"
    },
    {
      "block": "chipped:tiny_layered_calcite_bricks"
    },
    {
      "block": "chipped:crying_calcite"
    },
    {
      "block": "chipped:calcite_pillar"
    },
    {
      "block": "chipped:massive_calcite_bricks"
    },
    {
      "block": "chipped:checkered_calcite_tiles"
    },
    {
      "block": "chipped:rough_calcite"
    },
    {
      "block": "chipped:tiled_calcite_column"
    },
    {
      "block": "chipped:cracked_flat_calcite_tiles"
    },
    {
      "block": "chipped:carved_calcite"
    },
    {
      "block": "chipped:layed_calcite_bricks"
    },
    {
      "block": "chipped:polished_calcite"
    },
    {
      "block": "chipped:cracked_calcite_bricks"
    },
    {
      "block": "chipped:vertical_cut_calcite"
    },
    {
      "block": "chipped:fine_calcite_pillar"
    },
    {
      "block": "chipped:tiny_calcite_bricks"
    },
    {
      "block": "chipped:angry_calcite"
    },
    {
      "block": "chipped:thick_inlayed_calcite"
    },
    {
      "block": "chipped:smoothed_double_inlayed_calcite"
    },
    {
      "block": "chipped:loded_calcite"
    },
    {
      "block": "chipped:calcite_scales"
    },
    {
      "block": "chipped:tiny_layered_calcite_slabs"
    },
    {
      "block": "chipped:overlapping_calcite_tiles"
    },
    {
      "block": "chipped:sad_calcite"
    },
    {
      "block": "chipped:cut_blank_calcite"
    },
    {
      "block": "chipped:bordered_calcite"
    },
    {
      "block": "chipped:calcite_bricks"
    },
    {
      "block": "chipped:inlayed_calcite"
    },
    {
      "block": "chipped:flat_calcite_tiles"
    },
    {
      "block": "chipped:small_calcite_bricks"
    },
    {
      "block": "chipped:eroded_calcite"
    },
    {
      "block": "chipped:runic_carved_calcite"
    },
    {
      "block": "chipped:offset_calcite_bricks"
    },
    {
      "block": "chipped:unamused_calcite"
    },
    {
      "block": "chipped:smooth_calcite_column"
    },
    {
      "block": "chipped:stacked_calcite_bricks"
    },
    {
      "block": "chipped:duh_calcite"
    },
    {
      "block": "chipped:smooth_ringed_calcite"
    }
  ]
}