{
  "type": "rechiseled:chiseling",
  "overwrite": false,
  "entries": [
    {
      "block": "minecraft:carved_pumpkin"
    },
    {
      "block": "chipped:owo_carved_pumpkin"
    },
    {
      "block": "chipped:silly_carved_pumpkin"
    },
    {
      "block": "chipped:devious_carved_pumpkin"
    },
    {
      "block": "chipped:creepy_carved_pumpkin"
    },
    {
      "block": "chipped:end_purple_carved_pumpkin"
    },
    {
      "block": "chipped:kitty_faced_carved_pumpkin"
    },
    {
      "block": "chipped:spooky_carved_pumpkin"
    },
    {
      "block": "chipped:smiling_carved_pumpkin"
    },
    {
      "block": "chipped:tiny_smug_carved_pumpkin"
    },
    {
      "block": "chipped:wide_eyed_carved_pumpkin"
    },
    {
      "block": "chipped:upside_down_carved_pumpkin"
    },
    {
      "block": "chipped:nether_carved_pumpkin"
    },
    {
      "block": "chipped:horrified_carved_pumpkin"
    },
    {
      "block": "chipped:bad_time_carved_pumpkin"
    },
    {
      "block": "chipped:overjoyed_carved_pumpkin"
    },
    {
      "block": "chipped:boo_carved_pumpkin"
    },
    {
      "block": "chipped:suspicious_carved_pumpkin"
    },
    {
      "block": "chipped:slight_smile_carved_pumpkin"
    },
    {
      "block": "chipped:traditional_carved_pumpkin"
    },
    {
      "block": "chipped:anguished_carved_pumpkin"
    },
    {
      "block": "chipped:squished_cute_carved_pumpkin"
    },
    {
      "block": "chipped:end_carved_pumpkin"
    }
  ]
}