{
  "type": "rechiseled:chiseling",
  "overwrite": false,
  "entries": [
    {
      "block": "minecraft:cherry_planks"
    },
    {
      "block": "chipped:cross_laced_cherry_planks"
    },
    {
      "block": "chipped:hewn_cherry_planks"
    },
    {
      "block": "chipped:nailed_cherry_planks"
    },
    {
      "block": "chipped:whirlwind_cherry_planks"
    },
    {
      "block": "chipped:fine_vertical_cherry_planks"
    },
    {
      "block": "chipped:bricky_cherry_planks"
    },
    {
      "block": "chipped:stacked_cherry_planks"
    },
    {
      "block": "chipped:vertical_cherry_planks"
    },
    {
      "block": "chipped:detailed_cherry_planks"
    },
    {
      "block": "chipped:double_herringbone_cherry_planks"
    },
    {
      "block": "chipped:railed_cherry_planks"
    },
    {
      "block": "chipped:crossed_cherry_planks"
    },
    {
      "block": "chipped:diagonal_cherry_planks"
    },
    {
      "block": "chipped:enclosed_cherry_planks"
    },
    {
      "block": "chipped:boxed_cherry_planks"
    },
    {
      "block": "chipped:pegged_cherry_planks"
    },
    {
      "block": "chipped:thin_cherry_planks"
    },
    {
      "block": "chipped:diamond_cherry_planks"
    },
    {
      "block": "chipped:smooth_cherry_planks"
    },
    {
      "block": "chipped:vertically_railed_cherry_planks"
    },
    {
      "block": "chipped:shifted_cherry_planks"
    },
    {
      "block": "chipped:basket_woven_cherry_planks"
    },
    {
      "block": "chipped:tiled_cherry_planks"
    },
    {
      "block": "chipped:cherry_planks_shavings"
    },
    {
      "block": "chipped:polished_cherry_planks"
    },
    {
      "block": "chipped:versailles_cherry_planks"
    },
    {
      "block": "chipped:framed_cherry_planks"
    },
    {
      "block": "chipped:natural_cherry_planks"
    },
    {
      "block": "chipped:cherry_planks_panel"
    },
    {
      "block": "chipped:cornered_cherry_planks"
    },
    {
      "block": "chipped:slanted_cherry_planks"
    },
    {
      "block": "chipped:brick_bond_cherry_planks"
    },
    {
      "block": "chipped:laced_cherry_planks"
    },
    {
      "block": "chipped:crated_cherry_planks"
    },
    {
      "block": "chipped:fine_cherry_planks"
    },
    {
      "block": "chipped:herringbone_cherry_planks"
    },
    {
      "block": "chipped:wickered_cherry_planks"
    },
    {
      "block": "chipped:cherry_planks_mosaic"
    }
  ]
}