{
  "type": "rechiseled:chiseling",
  "overwrite": false,
  "entries": [
    {
      "block": "minecraft:cherry_trapdoor"
    },
    {
      "block": "chipped:classic_cherry_trapdoor"
    },
    {
      "block": "chipped:solid_cherry_trapdoor"
    },
    {
      "block": "chipped:leafy_cherry_trapdoor"
    },
    {
      "block": "chipped:checkered_cherry_trapdoor"
    },
    {
      "block": "chipped:golden_barred_cherry_trapdoor"
    },
    {
      "block": "chipped:distorted_cherry_trapdoor"
    },
    {
      "block": "chipped:meshed_cherry_trapdoor"
    },
    {
      "block": "chipped:fancy_cherry_trapdoor"
    },
    {
      "block": "chipped:slotted_cherry_trapdoor"
    },
    {
      "block": "chipped:cobweb_cherry_trapdoor"
    },
    {
      "block": "chipped:suspicious_cherry_trapdoor"
    },
    {
      "block": "chipped:iron_barred_cherry_trapdoor"
    },
    {
      "block": "chipped:overgrown_cherry_trapdoor"
    },
    {
      "block": "chipped:woven_cherry_trapdoor"
    },
    {
      "block": "chipped:heavy_cherry_trapdoor"
    },
    {
      "block": "chipped:warted_cherry_trapdoor"
    },
    {
      "block": "chipped:classic_windowed_cherry_trapdoor"
    },
    {
      "block": "chipped:vined_cherry_trapdoor"
    },
    {
      "block": "chipped:windowed_cherry_trapdoor"
    },
    {
      "block": "chipped:pointless_cherry_trapdoor"
    },
    {
      "block": "chipped:twisted_cherry_trapdoor"
    },
    {
      "block": "chipped:barred_cherry_trapdoor"
    }
  ]
}