{
  "type": "rechiseled:chiseling",
  "overwrite": false,
  "entries": [
    {
      "block": "minecraft:cherry_door"
    },
    {
      "block": "chipped:fortified_cherry_door"
    },
    {
      "block": "chipped:overgrown_cherry_door"
    },
    {
      "block": "chipped:screen_cherry_door"
    },
    {
      "block": "chipped:supported_cherry_door"
    },
    {
      "block": "chipped:gated_cherry_door"
    },
    {
      "block": "chipped:tile_windowed_cherry_door"
    },
    {
      "block": "chipped:paneled_cherry_door"
    },
    {
      "block": "chipped:heavy_cherry_door"
    },
    {
      "block": "chipped:shack_cherry_door"
    },
    {
      "block": "chipped:boarded_cherry_door"
    },
    {
      "block": "chipped:beach_cherry_door"
    },
    {
      "block": "chipped:paper_cherry_door"
    },
    {
      "block": "chipped:barred_cherry_door"
    },
    {
      "block": "chipped:glass_cherry_door"
    },
    {
      "block": "chipped:pressed_cherry_door"
    },
    {
      "block": "chipped:secret_cherry_door"
    },
    {
      "block": "chipped:dual_paneled_cherry_door"
    },
    {
      "block": "chipped:tiled_cherry_door"
    },
    {
      "block": "chipped:sliding_cherry_door"
    }
  ]
}