{
  "type": "rechiseled:chiseling",
  "overwrite": false,
  "entries": [
    {
      "block": "minecraft:cherry_log"
    },
    {
      "block": "chipped:overgrown_cherry_log"
    },
    {
      "block": "chipped:planked_cherry_log"
    },
    {
      "block": "chipped:firewood_cherry_log"
    },
    {
      "block": "chipped:bundled_cherry_log"
    },
    {
      "block": "chipped:nailed_cherry_log"
    },
    {
      "block": "chipped:edge_cut_cherry_log"
    },
    {
      "block": "chipped:reinforced_cherry_log"
    },
    {
      "block": "chipped:mixed_cherry_log"
    },
    {
      "block": "chipped:center_cut_cherry_log"
    },
    {
      "block": "chipped:damaged_cherry_log"
    },
    {
      "block": "chipped:flowering_cherry_log"
    }
  ]
}