{
  "type": "rechiseled:chiseling",
  "overwrite": false,
  "entries": [
    {
      "block": "minecraft:clay"
    },
    {
      "block": "chipped:clay_pillar"
    },
    {
      "block": "chipped:rough_clay"
    },
    {
      "block": "chipped:brick_bordered_clay"
    },
    {
      "block": "chipped:bordered_clay"
    },
    {
      "block": "chipped:engraved_clay"
    },
    {
      "block": "chipped:stacked_clay_bricks"
    },
    {
      "block": "chipped:tiny_brick_bordered_clay"
    },
    {
      "block": "chipped:fine_clay_pillar"
    },
    {
      "block": "chipped:spiraled_clay"
    },
    {
      "block": "chipped:cracked_flat_clay_tiles"
    },
    {
      "block": "chipped:sanded_clay"
    },
    {
      "block": "chipped:cobbled_clay"
    },
    {
      "block": "chipped:overlapping_clay_tiles"
    },
    {
      "block": "chipped:cracked_disordered_clay_bricks"
    },
    {
      "block": "chipped:offset_clay_bricks"
    },
    {
      "block": "chipped:layed_clay_bricks"
    },
    {
      "block": "chipped:smoothed_double_inlayed_clay"
    },
    {
      "block": "chipped:checkered_clay_tiles"
    },
    {
      "block": "chipped:tiny_layered_clay_bricks"
    },
    {
      "block": "chipped:unamused_clay"
    },
    {
      "block": "chipped:smooth_inlayed_clay"
    },
    {
      "block": "chipped:thick_inlayed_clay"
    },
    {
      "block": "chipped:vertical_cut_clay"
    },
    {
      "block": "chipped:flat_clay_tiles"
    },
    {
      "block": "chipped:rounded_clay_bricks"
    },
    {
      "block": "chipped:edged_clay_bricks"
    },
    {
      "block": "chipped:sad_clay"
    },
    {
      "block": "chipped:runic_carved_clay"
    },
    {
      "block": "chipped:ornate_clay_pillar"
    },
    {
      "block": "chipped:angry_clay"
    },
    {
      "block": "chipped:clay_bricks"
    },
    {
      "block": "chipped:etched_clay_bricks"
    },
    {
      "block": "chipped:inscribed_clay"
    },
    {
      "block": "chipped:cracked_clay_bricks"
    },
    {
      "block": "chipped:clay_mini_tiles"
    },
    {
      "block": "chipped:weathered_clay"
    },
    {
      "block": "chipped:pillar_clay_bricks"
    },
    {
      "block": "chipped:clay_pillar_top"
    },
    {
      "block": "chipped:tiled_clay_column"
    },
    {
      "block": "chipped:prismal_clay_remnants"
    },
    {
      "block": "chipped:loded_clay"
    },
    {
      "block": "chipped:polished_clay"
    },
    {
      "block": "chipped:creeper_clay_carving"
    },
    {
      "block": "chipped:tiny_layered_clay_slabs"
    },
    {
      "block": "chipped:glad_clay"
    },
    {
      "block": "chipped:clay_scales"
    },
    {
      "block": "chipped:tiled_bordered_clay"
    },
    {
      "block": "chipped:smooth_ringed_clay"
    },
    {
      "block": "chipped:tiny_clay_bricks"
    },
    {
      "block": "chipped:massive_clay_bricks"
    },
    {
      "block": "chipped:vertical_disordered_clay_bricks"
    },
    {
      "block": "chipped:cut_blank_clay"
    },
    {
      "block": "chipped:cut_clay_column"
    },
    {
      "block": "chipped:smooth_clay_column"
    },
    {
      "block": "chipped:tiled_clay"
    },
    {
      "block": "chipped:carved_clay"
    },
    {
      "block": "chipped:curly_clay_pillar"
    },
    {
      "block": "chipped:spider_clay_carving"
    },
    {
      "block": "chipped:simple_clay_pillar"
    },
    {
      "block": "chipped:duh_clay"
    },
    {
      "block": "chipped:trodden_clay"
    },
    {
      "block": "chipped:inlayed_clay"
    },
    {
      "block": "chipped:small_clay_bricks"
    },
    {
      "block": "chipped:crying_clay"
    },
    {
      "block": "chipped:blank_clay_carving"
    }
  ]
}