{
  "type": "rechiseled:chiseling",
  "overwrite": false,
  "entries": [
    {
      "block": "minecraft:cobblestone"
    },
    {
      "block": "chipped:offset_cobblestone_bricks"
    },
    {
      "block": "chipped:blank_cobblestone_carving"
    },
    {
      "block": "chipped:checkered_cobblestone_tiles"
    },
    {
      "block": "chipped:prismal_cobblestone_remnants"
    },
    {
      "block": "chipped:smooth_inlayed_cobblestone"
    },
    {
      "block": "chipped:vertical_disordered_cobblestone_bricks"
    },
    {
      "block": "chipped:eroded_cobblestone"
    },
    {
      "block": "chipped:tiny_brick_bordered_cobblestone"
    },
    {
      "block": "chipped:spider_cobblestone_carving"
    },
    {
      "block": "chipped:smoothed_double_inlayed_cobblestone"
    },
    {
      "block": "chipped:duh_cobblestone"
    },
    {
      "block": "chipped:sad_cobblestone"
    },
    {
      "block": "chipped:cobblestone_pillar"
    },
    {
      "block": "chipped:overlapping_cobblestone_tiles"
    },
    {
      "block": "chipped:cobblestone_mini_tiles"
    },
    {
      "block": "chipped:weathered_cobblestone"
    },
    {
      "block": "chipped:fine_cobblestone_pillar"
    },
    {
      "block": "chipped:tiny_layered_cobblestone_bricks"
    },
    {
      "block": "chipped:tiny_cobblestone_bricks"
    },
    {
      "block": "chipped:inscribed_cobblestone"
    },
    {
      "block": "chipped:angry_cobblestone"
    },
    {
      "block": "chipped:cracked_cobblestone_bricks"
    },
    {
      "block": "chipped:pillar_cobblestone_bricks"
    },
    {
      "block": "chipped:cobbled_cobblestone"
    },
    {
      "block": "chipped:flat_cobblestone_tiles"
    },
    {
      "block": "chipped:tiled_cobblestone"
    },
    {
      "block": "chipped:small_cobblestone_bricks"
    },
    {
      "block": "chipped:cut_cobblestone_column"
    },
    {
      "block": "chipped:tiny_layered_cobblestone_slabs"
    },
    {
      "block": "chipped:thick_inlayed_cobblestone"
    },
    {
      "block": "chipped:trodden_cobblestone"
    },
    {
      "block": "chipped:cut_blank_cobblestone"
    },
    {
      "block": "chipped:cobblestone_pillar_top"
    },
    {
      "block": "chipped:polished_cobblestone"
    },
    {
      "block": "chipped:smooth_ringed_cobblestone"
    },
    {
      "block": "chipped:creeper_cobblestone_carving"
    },
    {
      "block": "chipped:tiled_cobblestone_column"
    },
    {
      "block": "chipped:massive_cobblestone_bricks"
    },
    {
      "block": "chipped:bordered_cobblestone"
    },
    {
      "block": "chipped:unamused_cobblestone"
    },
    {
      "block": "chipped:curly_cobblestone_pillar"
    },
    {
      "block": "chipped:crying_cobblestone"
    },
    {
      "block": "chipped:smooth_cobblestone_column"
    },
    {
      "block": "chipped:brick_bordered_cobblestone"
    },
    {
      "block": "chipped:inlayed_cobblestone"
    },
    {
      "block": "chipped:glad_cobblestone"
    },
    {
      "block": "chipped:tiled_bordered_cobblestone"
    },
    {
      "block": "chipped:ornate_cobblestone_pillar"
    },
    {
      "block": "chipped:vertical_cut_cobblestone"
    },
    {
      "block": "chipped:rough_cobblestone"
    },
    {
      "block": "chipped:cobblestone_scales"
    },
    {
      "block": "chipped:cracked_disordered_cobblestone_bricks"
    },
    {
      "block": "chipped:stacked_cobblestone_bricks"
    },
    {
      "block": "chipped:rounded_cobblestone_bricks"
    },
    {
      "block": "chipped:cracked_flat_cobblestone_tiles"
    },
    {
      "block": "chipped:layed_cobblestone_bricks"
    },
    {
      "block": "chipped:simple_cobblestone_pillar"
    },
    {
      "block": "chipped:sanded_cobblestone"
    },
    {
      "block": "chipped:cobblestone_bricks"
    },
    {
      "block": "chipped:carved_cobblestone"
    },
    {
      "block": "chipped:engraved_cobblestone"
    },
    {
      "block": "chipped:etched_cobblestone_bricks"
    },
    {
      "block": "chipped:runic_carved_cobblestone"
    },
    {
      "block": "chipped:spiraled_cobblestone"
    },
    {
      "block": "chipped:edged_cobblestone_bricks"
    },
    {
      "block": "chipped:loded_cobblestone"
    }
  ]
}