{
  "type": "rechiseled:chiseling",
  "overwrite": false,
  "entries": [
    {
      "block": "minecraft:cobweb"
    },
    {
      "block": "chipped:scattered_cobweb"
    },
    {
      "block": "chipped:stringy_cobweb"
    },
    {
      "block": "chipped:broken_cobweb"
    },
    {
      "block": "chipped:stretched_cobweb"
    },
    {
      "block": "chipped:hanging_cobweb"
    },
    {
      "block": "chipped:dense_cobweb"
    },
    {
      "block": "chipped:cobweb_arch"
    },
    {
      "block": "chipped:thick_cobweb_floor"
    },
    {
      "block": "chipped:hanging_broken_cobweb"
    },
    {
      "block": "chipped:cobweb_floor"
    }
  ]
}