{
  "type": "rechiseled:chiseling",
  "overwrite": false,
  "entries": [
    {
      "block": "minecraft:crimson_planks"
    },
    {
      "block": "chipped:shifted_crimson_planks"
    },
    {
      "block": "chipped:pegged_crimson_planks"
    },
    {
      "block": "chipped:bricky_crimson_planks"
    },
    {
      "block": "chipped:crimson_planks_shavings"
    },
    {
      "block": "chipped:whirlwind_crimson_planks"
    },
    {
      "block": "chipped:hewn_crimson_planks"
    },
    {
      "block": "chipped:crimson_planks_panel"
    },
    {
      "block": "chipped:crated_crimson_planks"
    },
    {
      "block": "chipped:fine_vertical_crimson_planks"
    },
    {
      "block": "chipped:polished_crimson_planks"
    },
    {
      "block": "chipped:cornered_crimson_planks"
    },
    {
      "block": "chipped:crossed_crimson_planks"
    },
    {
      "block": "chipped:vertically_railed_crimson_planks"
    },
    {
      "block": "chipped:thin_crimson_planks"
    },
    {
      "block": "chipped:brick_bond_crimson_planks"
    },
    {
      "block": "chipped:fine_crimson_planks"
    },
    {
      "block": "chipped:diamond_crimson_planks"
    },
    {
      "block": "chipped:smooth_crimson_planks"
    },
    {
      "block": "chipped:herringbone_crimson_planks"
    },
    {
      "block": "chipped:framed_crimson_planks"
    },
    {
      "block": "chipped:vertical_crimson_planks"
    },
    {
      "block": "chipped:stacked_crimson_planks"
    },
    {
      "block": "chipped:tiled_crimson_planks"
    },
    {
      "block": "chipped:crimson_planks_mosaic"
    },
    {
      "block": "chipped:wickered_crimson_planks"
    },
    {
      "block": "chipped:slanted_crimson_planks"
    },
    {
      "block": "chipped:laced_crimson_planks"
    },
    {
      "block": "chipped:enclosed_crimson_planks"
    },
    {
      "block": "chipped:diagonal_crimson_planks"
    },
    {
      "block": "chipped:detailed_crimson_planks"
    },
    {
      "block": "chipped:natural_crimson_planks"
    },
    {
      "block": "chipped:nailed_crimson_planks"
    },
    {
      "block": "chipped:basket_woven_crimson_planks"
    },
    {
      "block": "chipped:versailles_crimson_planks"
    },
    {
      "block": "chipped:cross_laced_crimson_planks"
    },
    {
      "block": "chipped:railed_crimson_planks"
    },
    {
      "block": "chipped:double_herringbone_crimson_planks"
    },
    {
      "block": "chipped:boxed_crimson_planks"
    }
  ]
}