{
  "type": "rechiseled:chiseling",
  "overwrite": false,
  "entries": [
    {
      "block": "minecraft:crimson_door"
    },
    {
      "block": "chipped:paper_crimson_door"
    },
    {
      "block": "chipped:gated_crimson_door"
    },
    {
      "block": "chipped:screen_crimson_door"
    },
    {
      "block": "chipped:glass_crimson_door"
    },
    {
      "block": "chipped:shack_crimson_door"
    },
    {
      "block": "chipped:tile_windowed_crimson_door"
    },
    {
      "block": "chipped:tiled_crimson_door"
    },
    {
      "block": "chipped:dual_paneled_crimson_door"
    },
    {
      "block": "chipped:beach_crimson_door"
    },
    {
      "block": "chipped:sliding_crimson_door"
    },
    {
      "block": "chipped:fortified_crimson_door"
    },
    {
      "block": "chipped:barred_crimson_door"
    },
    {
      "block": "chipped:pressed_crimson_door"
    },
    {
      "block": "chipped:overgrown_crimson_door"
    },
    {
      "block": "chipped:secret_crimson_door"
    },
    {
      "block": "chipped:paneled_crimson_door"
    },
    {
      "block": "chipped:windowed_crimson_door"
    },
    {
      "block": "chipped:heavy_crimson_door"
    },
    {
      "block": "chipped:boarded_crimson_door"
    }
  ]
}