{
  "type": "rechiseled:chiseling",
  "overwrite": false,
  "entries": [
    {
      "block": "minecraft:crimson_roots"
    },
    {
      "block": "chipped:wilted_crimson_roots_bulb"
    },
    {
      "block": "chipped:crimson_roots_bulb"
    },
    {
      "block": "chipped:crimson_roots_bramble"
    },
    {
      "block": "chipped:budding_crimson_roots_bulb"
    },
    {
      "block": "chipped:wilted_crimson_roots_bud"
    },
    {
      "block": "chipped:flowered_crimson_roots_bulb"
    },
    {
      "block": "chipped:crimson_roots_floret"
    },
    {
      "block": "chipped:flowered_crimson_roots"
    },
    {
      "block": "chipped:crimson_roots_bloom"
    },
    {
      "block": "chipped:sprouting_crimson_roots_bulb"
    },
    {
      "block": "chipped:crimson_roots_bud"
    },
    {
      "block": "chipped:budding_crimson_roots"
    },
    {
      "block": "chipped:small_crimson_roots_bud"
    },
    {
      "block": "chipped:sprouting_crimson_roots"
    }
  ]
}