{
  "type": "rechiseled:chiseling",
  "overwrite": false,
  "entries": [
    {
      "block": "minecraft:crimson_stem"
    },
    {
      "block": "chipped:center_cut_crimson_stem"
    },
    {
      "block": "chipped:planked_crimson_stem"
    },
    {
      "block": "chipped:bundled_crimson_stem"
    },
    {
      "block": "chipped:shrooming_crimson_stem"
    },
    {
      "block": "chipped:crying_crimson_stem"
    },
    {
      "block": "chipped:glittering_crimson_stem"
    },
    {
      "block": "chipped:mixed_crimson_stem"
    },
    {
      "block": "chipped:glowing_crimson_stem"
    },
    {
      "block": "chipped:firewood_crimson_stem"
    },
    {
      "block": "chipped:edge_cut_crimson_stem"
    },
    {
      "block": "chipped:rotten_crimson_stem"
    },
    {
      "block": "chipped:smooth_crimson_stem"
    },
    {
      "block": "chipped:nailed_crimson_stem"
    },
    {
      "block": "chipped:damaged_crimson_stem"
    }
  ]
}