{
  "type": "rechiseled:chiseling",
  "overwrite": false,
  "entries": [
    {
      "block": "minecraft:crimson_fungus"
    },
    {
      "block": "chipped:wicked_crimson_fungus"
    },
    {
      "block": "chipped:button_crimson_fungus"
    },
    {
      "block": "chipped:crimson_fungus_bushel"
    },
    {
      "block": "chipped:franken_crimson_fungus"
    },
    {
      "block": "chipped:double_crimson_fungus"
    },
    {
      "block": "chipped:crimson_fungus_trio"
    },
    {
      "block": "chipped:bulbed_crimson_fungus"
    },
    {
      "block": "chipped:crimson_fungus_cluster"
    },
    {
      "block": "chipped:micro_crimson_fungus"
    },
    {
      "block": "chipped:mini_crimson_fungus"
    },
    {
      "block": "chipped:hooded_crimson_fungus"
    },
    {
      "block": "chipped:clustered_crimson_fungus"
    },
    {
      "block": "chipped:crimson_fungus_bulb"
    },
    {
      "block": "chipped:umbrella_crimson_fungus"
    }
  ]
}