{
  "type": "rechiseled:chiseling",
  "overwrite": false,
  "entries": [
    {
      "block": "minecraft:crimson_trapdoor"
    },
    {
      "block": "chipped:woven_crimson_trapdoor"
    },
    {
      "block": "chipped:airy_crimson_trapdoor"
    },
    {
      "block": "chipped:iron_barred_crimson_trapdoor"
    },
    {
      "block": "chipped:golden_barred_crimson_trapdoor"
    },
    {
      "block": "chipped:classic_crimson_trapdoor"
    },
    {
      "block": "chipped:leafy_crimson_trapdoor"
    },
    {
      "block": "chipped:overgrown_crimson_trapdoor"
    },
    {
      "block": "chipped:windowed_crimson_trapdoor"
    },
    {
      "block": "chipped:checkered_crimson_trapdoor"
    },
    {
      "block": "chipped:classic_windowed_crimson_trapdoor"
    },
    {
      "block": "chipped:fancy_crimson_trapdoor"
    },
    {
      "block": "chipped:warted_crimson_trapdoor"
    },
    {
      "block": "chipped:heavy_crimson_trapdoor"
    },
    {
      "block": "chipped:solid_crimson_trapdoor"
    },
    {
      "block": "chipped:slotted_crimson_trapdoor"
    },
    {
      "block": "chipped:barred_crimson_trapdoor"
    },
    {
      "block": "chipped:twisted_crimson_trapdoor"
    },
    {
      "block": "chipped:meshed_crimson_trapdoor"
    },
    {
      "block": "chipped:vined_crimson_trapdoor"
    },
    {
      "block": "chipped:distorted_crimson_trapdoor"
    },
    {
      "block": "chipped:cobweb_crimson_trapdoor"
    },
    {
      "block": "chipped:pointless_crimson_trapdoor"
    }
  ]
}