{
  "type": "rechiseled:chiseling",
  "overwrite": false,
  "entries": [
    {
      "block": "minecraft:crying_obsidian"
    },
    {
      "block": "chipped:tiny_layered_crying_obsidian_bricks"
    },
    {
      "block": "chipped:fine_crying_obsidian_pillar"
    },
    {
      "block": "chipped:crying_obsidian_pillar"
    },
    {
      "block": "chipped:checkered_crying_obsidian_tiles"
    },
    {
      "block": "chipped:rounded_crying_obsidian_bricks"
    },
    {
      "block": "chipped:cut_blank_crying_obsidian"
    },
    {
      "block": "chipped:inscribed_crying_obsidian"
    },
    {
      "block": "chipped:curly_crying_obsidian_pillar"
    },
    {
      "block": "chipped:small_crying_obsidian_bricks"
    },
    {
      "block": "chipped:smoothed_double_inlayed_crying_obsidian"
    },
    {
      "block": "chipped:tiny_layered_crying_obsidian_slabs"
    },
    {
      "block": "chipped:crying_crying_obsidian"
    },
    {
      "block": "chipped:edged_crying_obsidian_bricks"
    },
    {
      "block": "chipped:brick_bordered_crying_obsidian"
    },
    {
      "block": "chipped:smooth_ringed_crying_obsidian"
    },
    {
      "block": "chipped:creeper_crying_obsidian_carving"
    },
    {
      "block": "chipped:simple_crying_obsidian_pillar"
    },
    {
      "block": "chipped:angry_crying_obsidian"
    },
    {
      "block": "chipped:cracked_crying_obsidian_bricks"
    },
    {
      "block": "chipped:cracked_disordered_crying_obsidian_bricks"
    },
    {
      "block": "chipped:vertical_cut_crying_obsidian"
    },
    {
      "block": "chipped:etched_crying_obsidian_bricks"
    },
    {
      "block": "chipped:cracked_flat_crying_obsidian_tiles"
    },
    {
      "block": "chipped:vertical_disordered_crying_obsidian_bricks"
    },
    {
      "block": "chipped:trodden_crying_obsidian"
    },
    {
      "block": "chipped:pillar_crying_obsidian_bricks"
    },
    {
      "block": "chipped:overlapping_crying_obsidian_tiles"
    },
    {
      "block": "chipped:flat_crying_obsidian_tiles"
    },
    {
      "block": "chipped:stacked_crying_obsidian_bricks"
    },
    {
      "block": "chipped:crying_obsidian_pillar_top"
    },
    {
      "block": "chipped:inlayed_crying_obsidian"
    },
    {
      "block": "chipped:tiled_bordered_crying_obsidian"
    },
    {
      "block": "chipped:tiled_crying_obsidian_column"
    },
    {
      "block": "chipped:cut_crying_obsidian_column"
    },
    {
      "block": "chipped:crying_obsidian_scales"
    },
    {
      "block": "chipped:blank_crying_obsidian_carving"
    },
    {
      "block": "chipped:engraved_crying_obsidian"
    },
    {
      "block": "chipped:smooth_crying_obsidian_column"
    },
    {
      "block": "chipped:polished_crying_obsidian"
    },
    {
      "block": "chipped:duh_crying_obsidian"
    },
    {
      "block": "chipped:tiny_brick_bordered_crying_obsidian"
    },
    {
      "block": "chipped:runic_carved_crying_obsidian"
    },
    {
      "block": "chipped:massive_crying_obsidian_bricks"
    },
    {
      "block": "chipped:thick_inlayed_crying_obsidian"
    },
    {
      "block": "chipped:loded_crying_obsidian"
    },
    {
      "block": "chipped:carved_crying_obsidian"
    },
    {
      "block": "chipped:sanded_crying_obsidian"
    },
    {
      "block": "chipped:unamused_crying_obsidian"
    },
    {
      "block": "chipped:crying_obsidian_bricks"
    },
    {
      "block": "chipped:crying_obsidian_mini_tiles"
    },
    {
      "block": "chipped:smooth_inlayed_crying_obsidian"
    },
    {
      "block": "chipped:layed_crying_obsidian_bricks"
    },
    {
      "block": "chipped:tiny_crying_obsidian_bricks"
    },
    {
      "block": "chipped:spiraled_crying_obsidian"
    },
    {
      "block": "chipped:rough_crying_obsidian"
    },
    {
      "block": "chipped:tiled_crying_obsidian"
    },
    {
      "block": "chipped:bordered_crying_obsidian"
    },
    {
      "block": "chipped:cobbled_crying_obsidian"
    },
    {
      "block": "chipped:spider_crying_obsidian_carving"
    },
    {
      "block": "chipped:offset_crying_obsidian_bricks"
    },
    {
      "block": "chipped:ornate_crying_obsidian_pillar"
    },
    {
      "block": "chipped:weathered_crying_obsidian"
    },
    {
      "block": "chipped:glad_crying_obsidian"
    },
    {
      "block": "chipped:prismal_crying_obsidian_remnants"
    },
    {
      "block": "chipped:sad_crying_obsidian"
    },
    {
      "block": "chipped:eroded_crying_obsidian"
    }
  ]
}