{
  "type": "rechiseled:chiseling",
  "overwrite": false,
  "entries": [
    {
      "block": "minecraft:cyan_terracotta"
    },
    {
      "block": "chipped:decorated_cyan_terracotta"
    },
    {
      "block": "chipped:triangular_cyan_terracotta"
    },
    {
      "block": "chipped:cyan_terracotta_tile"
    },
    {
      "block": "chipped:chiseled_cyan_terracotta"
    },
    {
      "block": "chipped:layered_cyan_terracotta"
    },
    {
      "block": "chipped:circular_cyan_terracotta"
    },
    {
      "block": "chipped:curled_cyan_terracotta"
    },
    {
      "block": "chipped:cyan_terracotta_pillar"
    },
    {
      "block": "chipped:crossed_cyan_terracotta"
    },
    {
      "block": "chipped:cyan_terracotta_bricks"
    },
    {
      "block": "chipped:hexagonical_cyan_terracotta"
    },
    {
      "block": "chipped:cut_cyan_terracotta"
    },
    {
      "block": "chipped:cyan_terracotta_column"
    },
    {
      "block": "chipped:inscribed_cyan_terracotta"
    },
    {
      "block": "chipped:cyan_terracotta_tiles"
    },
    {
      "block": "chipped:small_cyan_terracotta_tiles"
    },
    {
      "block": "chipped:starry_cyan_terracotta"
    }
  ]
}