{
  "type": "rechiseled:chiseling",
  "overwrite": false,
  "entries": [
    {
      "block": "minecraft:cyan_glazed_terracotta"
    },
    {
      "block": "chipped:hexagonical_cyan_glazed_terracotta"
    },
    {
      "block": "chipped:shrunken_cyan_glazed_terracotta"
    },
    {
      "block": "chipped:paved_cyan_glazed_terracotta"
    },
    {
      "block": "chipped:cyan_glazed_terracotta_pillar_top"
    },
    {
      "block": "chipped:decorated_cyan_glazed_terracotta"
    },
    {
      "block": "chipped:minimized_cyan_glazed_terracotta"
    },
    {
      "block": "chipped:cyan_glazed_terracotta_smooth_tiles"
    },
    {
      "block": "chipped:waved_cyan_glazed_terracotta"
    },
    {
      "block": "chipped:starry_cyan_glazed_terracotta"
    },
    {
      "block": "chipped:cyan_glazed_terracotta_tiles"
    },
    {
      "block": "chipped:cyan_glazed_terracotta_pillar_sides"
    }
  ]
}