{
  "type": "rechiseled:chiseling",
  "overwrite": false,
  "entries": [
    {
      "block": "minecraft:cyan_wool"
    },
    {
      "block": "chipped:cross_haired_cyan_wool"
    },
    {
      "block": "chipped:scaled_cyan_wool"
    },
    {
      "block": "chipped:blocky_cyan_wool"
    },
    {
      "block": "chipped:ribbled_cyan_wool"
    },
    {
      "block": "chipped:harsh_quilted_cyan_wool"
    },
    {
      "block": "chipped:soft_cyan_wool"
    },
    {
      "block": "chipped:tripped_cyan_wool"
    },
    {
      "block": "chipped:barky_cyan_wool"
    },
    {
      "block": "chipped:crafted_cyan_wool"
    },
    {
      "block": "chipped:cubed_cyan_wool"
    },
    {
      "block": "chipped:windmill_cyan_wool"
    },
    {
      "block": "chipped:rectangle_cyan_wool"
    },
    {
      "block": "chipped:wickered_cyan_wool"
    },
    {
      "block": "chipped:bundled_cyan_wool"
    },
    {
      "block": "chipped:tiled_cyan_wool"
    },
    {
      "block": "chipped:knitted_cyan_wool"
    },
    {
      "block": "chipped:woved_cyan_wool"
    },
    {
      "block": "chipped:cornered_cyan_wool"
    },
    {
      "block": "chipped:stringed_cyan_wool"
    },
    {
      "block": "chipped:patched_cyan_wool"
    }
  ]
}