{
  "type": "rechiseled:chiseling",
  "overwrite": false,
  "entries": [
    {
      "block": "minecraft:cyan_concrete"
    },
    {
      "block": "chipped:wired_cyan_concrete"
    },
    {
      "block": "chipped:warning_cyan_concrete"
    },
    {
      "block": "chipped:cyan_concrete_panel"
    },
    {
      "block": "chipped:mosaic_cyan_concrete"
    },
    {
      "block": "chipped:railed_cyan_concrete"
    },
    {
      "block": "chipped:grid_cyan_concrete"
    },
    {
      "block": "chipped:rusted_cyan_concrete"
    },
    {
      "block": "chipped:pegged_cyan_concrete"
    },
    {
      "block": "chipped:cyan_concrete_pillar"
    },
    {
      "block": "chipped:creeper_cyan_concrete"
    },
    {
      "block": "chipped:hazard_cyan_concrete"
    },
    {
      "block": "chipped:cyan_concrete_tiles"
    },
    {
      "block": "chipped:striped_cyan_concrete"
    },
    {
      "block": "chipped:grill_cyan_concrete"
    },
    {
      "block": "chipped:reinforced_cyan_concrete"
    },
    {
      "block": "chipped:bolted_cyan_concrete"
    },
    {
      "block": "chipped:stacked_cyan_concrete"
    },
    {
      "block": "chipped:smooth_cyan_concrete"
    },
    {
      "block": "chipped:cyan_concrete_bricks"
    },
    {
      "block": "chipped:stop_cyan_concrete"
    }
  ]
}