{
  "type": "rechiseled:chiseling",
  "overwrite": false,
  "entries": [
    {
      "block": "minecraft:cyan_stained_glass_pane"
    },
    {
      "block": "chipped:woven_cyan_stained_glass_pane"
    },
    {
      "block": "chipped:arched_cyan_stained_glass_pane_pillar"
    },
    {
      "block": "chipped:ornate_cyan_stained_glass_pane"
    },
    {
      "block": "chipped:tiled_cyan_stained_glass_pane"
    },
    {
      "block": "chipped:circular_cyan_stained_glass_pane"
    },
    {
      "block": "chipped:large_diamond_cyan_stained_glass_pane"
    },
    {
      "block": "chipped:raster_cyan_stained_glass_pane"
    },
    {
      "block": "chipped:small_cyan_stained_glass_pane"
    },
    {
      "block": "chipped:fancy_cyan_stained_glass_pane"
    },
    {
      "block": "chipped:square_cyan_stained_glass_pane"
    },
    {
      "block": "chipped:vertical_stiped_cyan_stained_glass_pane"
    }
  ]
}