{
  "type": "rechiseled:chiseling",
  "overwrite": false,
  "entries": [
    {
      "block": "minecraft:dark_oak_log"
    },
    {
      "block": "chipped:reinforced_dark_oak_log"
    },
    {
      "block": "chipped:planked_dark_oak_log"
    },
    {
      "block": "chipped:nailed_dark_oak_log"
    },
    {
      "block": "chipped:bundled_dark_oak_log"
    },
    {
      "block": "chipped:edge_cut_dark_oak_log"
    },
    {
      "block": "chipped:center_cut_dark_oak_log"
    },
    {
      "block": "chipped:damaged_dark_oak_log"
    },
    {
      "block": "chipped:mixed_dark_oak_log"
    },
    {
      "block": "chipped:flowering_dark_oak_log"
    },
    {
      "block": "chipped:overgrown_dark_oak_log"
    },
    {
      "block": "chipped:firewood_dark_oak_log"
    }
  ]
}