{
  "type": "rechiseled:chiseling",
  "overwrite": false,
  "entries": [
    {
      "block": "minecraft:dark_oak_door"
    },
    {
      "block": "chipped:barred_dark_oak_door"
    },
    {
      "block": "chipped:supported_dark_oak_door"
    },
    {
      "block": "chipped:secret_dark_oak_door"
    },
    {
      "block": "chipped:overgrown_dark_oak_door"
    },
    {
      "block": "chipped:heavy_dark_oak_door"
    },
    {
      "block": "chipped:boarded_dark_oak_door"
    },
    {
      "block": "chipped:shack_dark_oak_door"
    },
    {
      "block": "chipped:glass_dark_oak_door"
    },
    {
      "block": "chipped:fortified_dark_oak_door"
    },
    {
      "block": "chipped:screen_dark_oak_door"
    },
    {
      "block": "chipped:tiled_dark_oak_door"
    },
    {
      "block": "chipped:dual_paneled_dark_oak_door"
    },
    {
      "block": "chipped:pressed_dark_oak_door"
    },
    {
      "block": "chipped:paper_dark_oak_door"
    },
    {
      "block": "chipped:tile_windowed_dark_oak_door"
    },
    {
      "block": "chipped:windowed_dark_oak_door"
    },
    {
      "block": "chipped:beach_dark_oak_door"
    },
    {
      "block": "chipped:gated_dark_oak_door"
    },
    {
      "block": "chipped:sliding_dark_oak_door"
    }
  ]
}