{
  "type": "rechiseled:chiseling",
  "overwrite": false,
  "entries": [
    {
      "block": "minecraft:dark_prismarine"
    },
    {
      "block": "chipped:inscribed_dark_prismarine"
    },
    {
      "block": "chipped:cobbled_dark_prismarine"
    },
    {
      "block": "chipped:tiled_bordered_dark_prismarine"
    },
    {
      "block": "chipped:flat_dark_prismarine_tiles"
    },
    {
      "block": "chipped:polished_dark_prismarine"
    },
    {
      "block": "chipped:dark_prismarine_scales"
    },
    {
      "block": "chipped:cut_blank_dark_prismarine"
    },
    {
      "block": "chipped:sanded_dark_prismarine"
    },
    {
      "block": "chipped:dark_prismarine_bricks"
    },
    {
      "block": "chipped:prismal_dark_prismarine_remnants"
    },
    {
      "block": "chipped:tiny_layered_dark_prismarine_slabs"
    },
    {
      "block": "chipped:tiled_dark_prismarine_column"
    },
    {
      "block": "chipped:spider_dark_prismarine_carving"
    },
    {
      "block": "chipped:vertical_cut_dark_prismarine"
    },
    {
      "block": "chipped:rounded_dark_prismarine_bricks"
    },
    {
      "block": "chipped:small_dark_prismarine_bricks"
    },
    {
      "block": "chipped:glad_dark_prismarine"
    },
    {
      "block": "chipped:edged_dark_prismarine_bricks"
    },
    {
      "block": "chipped:blank_dark_prismarine_carving"
    },
    {
      "block": "chipped:ornate_dark_prismarine_pillar"
    },
    {
      "block": "chipped:dark_prismarine_pillar_top"
    },
    {
      "block": "chipped:tiny_brick_bordered_dark_prismarine"
    },
    {
      "block": "chipped:thick_inlayed_dark_prismarine"
    },
    {
      "block": "chipped:cut_dark_prismarine_column"
    },
    {
      "block": "chipped:smooth_inlayed_dark_prismarine"
    },
    {
      "block": "chipped:layed_dark_prismarine_bricks"
    },
    {
      "block": "chipped:loded_dark_prismarine"
    },
    {
      "block": "chipped:duh_dark_prismarine"
    },
    {
      "block": "chipped:offset_dark_prismarine_bricks"
    },
    {
      "block": "chipped:sad_dark_prismarine"
    },
    {
      "block": "chipped:overlapping_dark_prismarine_tiles"
    },
    {
      "block": "chipped:trodden_dark_prismarine"
    },
    {
      "block": "chipped:inlayed_dark_prismarine"
    },
    {
      "block": "chipped:eroded_dark_prismarine"
    },
    {
      "block": "chipped:rough_dark_prismarine"
    },
    {
      "block": "chipped:smooth_ringed_dark_prismarine"
    },
    {
      "block": "chipped:brick_bordered_dark_prismarine"
    },
    {
      "block": "chipped:creeper_dark_prismarine_carving"
    },
    {
      "block": "chipped:cracked_dark_prismarine_bricks"
    },
    {
      "block": "chipped:crying_dark_prismarine"
    },
    {
      "block": "chipped:spiraled_dark_prismarine"
    },
    {
      "block": "chipped:checkered_dark_prismarine_tiles"
    },
    {
      "block": "chipped:tiled_dark_prismarine"
    },
    {
      "block": "chipped:unamused_dark_prismarine"
    },
    {
      "block": "chipped:tiny_layered_dark_prismarine_bricks"
    },
    {
      "block": "chipped:massive_dark_prismarine_bricks"
    },
    {
      "block": "chipped:smoothed_double_inlayed_dark_prismarine"
    },
    {
      "block": "chipped:bordered_dark_prismarine"
    },
    {
      "block": "chipped:carved_dark_prismarine"
    },
    {
      "block": "chipped:cracked_flat_dark_prismarine_tiles"
    },
    {
      "block": "chipped:cracked_disordered_dark_prismarine_bricks"
    },
    {
      "block": "chipped:smooth_dark_prismarine_column"
    },
    {
      "block": "chipped:runic_carved_dark_prismarine"
    },
    {
      "block": "chipped:engraved_dark_prismarine"
    },
    {
      "block": "chipped:stacked_dark_prismarine_bricks"
    },
    {
      "block": "chipped:angry_dark_prismarine"
    },
    {
      "block": "chipped:weathered_dark_prismarine"
    },
    {
      "block": "chipped:curly_dark_prismarine_pillar"
    },
    {
      "block": "chipped:etched_dark_prismarine_bricks"
    },
    {
      "block": "chipped:tiny_dark_prismarine_bricks"
    },
    {
      "block": "chipped:fine_dark_prismarine_pillar"
    },
    {
      "block": "chipped:vertical_disordered_dark_prismarine_bricks"
    },
    {
      "block": "chipped:simple_dark_prismarine_pillar"
    },
    {
      "block": "chipped:dark_prismarine_pillar"
    },
    {
      "block": "chipped:pillar_dark_prismarine_bricks"
    }
  ]
}