{
  "type": "rechiseled:chiseling",
  "overwrite": false,
  "entries": [
    {
      "block": "minecraft:dark_oak_trapdoor"
    },
    {
      "block": "chipped:pointless_dark_oak_trapdoor"
    },
    {
      "block": "chipped:cobweb_dark_oak_trapdoor"
    },
    {
      "block": "chipped:windowed_dark_oak_trapdoor"
    },
    {
      "block": "chipped:overgrown_dark_oak_trapdoor"
    },
    {
      "block": "chipped:distorted_dark_oak_trapdoor"
    },
    {
      "block": "chipped:suspicious_dark_oak_trapdoor"
    },
    {
      "block": "chipped:woven_dark_oak_trapdoor"
    },
    {
      "block": "chipped:barred_dark_oak_trapdoor"
    },
    {
      "block": "chipped:fancy_dark_oak_trapdoor"
    },
    {
      "block": "chipped:golden_barred_dark_oak_trapdoor"
    },
    {
      "block": "chipped:twisted_dark_oak_trapdoor"
    },
    {
      "block": "chipped:classic_windowed_dark_oak_trapdoor"
    },
    {
      "block": "chipped:airy_dark_oak_trapdoor"
    },
    {
      "block": "chipped:leafy_dark_oak_trapdoor"
    },
    {
      "block": "chipped:classic_dark_oak_trapdoor"
    },
    {
      "block": "chipped:meshed_dark_oak_trapdoor"
    },
    {
      "block": "chipped:iron_barred_dark_oak_trapdoor"
    },
    {
      "block": "chipped:solid_dark_oak_trapdoor"
    },
    {
      "block": "chipped:heavy_dark_oak_trapdoor"
    },
    {
      "block": "chipped:slotted_dark_oak_trapdoor"
    },
    {
      "block": "chipped:checkered_dark_oak_trapdoor"
    },
    {
      "block": "chipped:vined_dark_oak_trapdoor"
    },
    {
      "block": "chipped:warted_dark_oak_trapdoor"
    }
  ]
}