{
  "type": "rechiseled:chiseling",
  "overwrite": false,
  "entries": [
    {
      "block": "minecraft:dark_oak_planks"
    },
    {
      "block": "chipped:versailles_dark_oak_planks"
    },
    {
      "block": "chipped:basket_woven_dark_oak_planks"
    },
    {
      "block": "chipped:railed_dark_oak_planks"
    },
    {
      "block": "chipped:vertical_dark_oak_planks"
    },
    {
      "block": "chipped:fine_dark_oak_planks"
    },
    {
      "block": "chipped:herringbone_dark_oak_planks"
    },
    {
      "block": "chipped:natural_dark_oak_planks"
    },
    {
      "block": "chipped:diagonal_dark_oak_planks"
    },
    {
      "block": "chipped:double_herringbone_dark_oak_planks"
    },
    {
      "block": "chipped:dark_oak_planks_mosaic"
    },
    {
      "block": "chipped:wickered_dark_oak_planks"
    },
    {
      "block": "chipped:laced_dark_oak_planks"
    },
    {
      "block": "chipped:crated_dark_oak_planks"
    },
    {
      "block": "chipped:vertically_railed_dark_oak_planks"
    },
    {
      "block": "chipped:cross_laced_dark_oak_planks"
    },
    {
      "block": "chipped:boxed_dark_oak_planks"
    },
    {
      "block": "chipped:pegged_dark_oak_planks"
    },
    {
      "block": "chipped:fine_vertical_dark_oak_planks"
    },
    {
      "block": "chipped:shifted_dark_oak_planks"
    },
    {
      "block": "chipped:enclosed_dark_oak_planks"
    },
    {
      "block": "chipped:detailed_dark_oak_planks"
    },
    {
      "block": "chipped:brick_bond_dark_oak_planks"
    },
    {
      "block": "chipped:thin_dark_oak_planks"
    },
    {
      "block": "chipped:stacked_dark_oak_planks"
    },
    {
      "block": "chipped:diamond_dark_oak_planks"
    },
    {
      "block": "chipped:bricky_dark_oak_planks"
    },
    {
      "block": "chipped:dark_oak_planks_shavings"
    },
    {
      "block": "chipped:slanted_dark_oak_planks"
    },
    {
      "block": "chipped:nailed_dark_oak_planks"
    },
    {
      "block": "chipped:smooth_dark_oak_planks"
    },
    {
      "block": "chipped:crossed_dark_oak_planks"
    },
    {
      "block": "chipped:polished_dark_oak_planks"
    },
    {
      "block": "chipped:dark_oak_planks_panel"
    },
    {
      "block": "chipped:framed_dark_oak_planks"
    },
    {
      "block": "chipped:cornered_dark_oak_planks"
    },
    {
      "block": "chipped:whirlwind_dark_oak_planks"
    },
    {
      "block": "chipped:tiled_dark_oak_planks"
    },
    {
      "block": "chipped:hewn_dark_oak_planks"
    }
  ]
}