{
  "type": "rechiseled:chiseling",
  "overwrite": false,
  "entries": [
    {
      "block": "minecraft:dark_oak_leaves"
    },
    {
      "block": "chipped:apple_dark_oak_leaves"
    },
    {
      "block": "chipped:white_flower_dark_oak_leaves"
    },
    {
      "block": "chipped:cherry_dark_oak_leaves"
    },
    {
      "block": "chipped:magenta_flower_dark_oak_leaves"
    },
    {
      "block": "chipped:frosted_dark_oak_leaves"
    },
    {
      "block": "chipped:dead_dark_oak_leaves"
    },
    {
      "block": "chipped:golden_dark_oak_leaves"
    },
    {
      "block": "chipped:orange_dark_oak_leaves"
    },
    {
      "block": "chipped:golden_cherry_dark_oak_leaves"
    },
    {
      "block": "chipped:red_dark_oak_leaves"
    },
    {
      "block": "chipped:golden_apple_dark_oak_leaves"
    }
  ]
}