{
  "type": "rechiseled:chiseling",
  "overwrite": false,
  "entries": [
    {
      "block": "minecraft:deepslate"
    },
    {
      "block": "chipped:smoothed_double_inlayed_deepslate"
    },
    {
      "block": "chipped:engraved_deepslate"
    },
    {
      "block": "chipped:tiled_bordered_deepslate"
    },
    {
      "block": "chipped:prismal_deepslate_remnants"
    },
    {
      "block": "chipped:loded_deepslate"
    },
    {
      "block": "chipped:inscribed_deepslate"
    },
    {
      "block": "chipped:cut_blank_deepslate"
    },
    {
      "block": "chipped:vertical_disordered_deepslate_bricks"
    },
    {
      "block": "chipped:deepslate_scales"
    },
    {
      "block": "chipped:curly_deepslate_pillar"
    },
    {
      "block": "chipped:blank_deepslate_carving"
    },
    {
      "block": "chipped:spiraled_deepslate"
    },
    {
      "block": "chipped:sad_deepslate"
    },
    {
      "block": "chipped:tiny_brick_bordered_deepslate"
    },
    {
      "block": "chipped:rounded_deepslate_bricks"
    },
    {
      "block": "chipped:creeper_deepslate_carving"
    },
    {
      "block": "chipped:carved_deepslate"
    },
    {
      "block": "chipped:rough_deepslate"
    },
    {
      "block": "chipped:eroded_deepslate"
    },
    {
      "block": "chipped:cut_deepslate_column"
    },
    {
      "block": "chipped:weathered_deepslate"
    },
    {
      "block": "chipped:smooth_inlayed_deepslate"
    },
    {
      "block": "chipped:thick_inlayed_deepslate"
    },
    {
      "block": "chipped:trodden_deepslate"
    },
    {
      "block": "chipped:glad_deepslate"
    },
    {
      "block": "chipped:unamused_deepslate"
    },
    {
      "block": "chipped:sanded_deepslate"
    },
    {
      "block": "chipped:brick_bordered_deepslate"
    },
    {
      "block": "chipped:checkered_deepslate_tiles"
    },
    {
      "block": "chipped:smooth_deepslate_column"
    },
    {
      "block": "chipped:bordered_deepslate"
    },
    {
      "block": "chipped:smooth_ringed_deepslate"
    },
    {
      "block": "chipped:crying_deepslate"
    },
    {
      "block": "chipped:tiny_layered_deepslate_bricks"
    },
    {
      "block": "chipped:tiny_layered_deepslate_slabs"
    },
    {
      "block": "chipped:tiny_deepslate_bricks"
    },
    {
      "block": "chipped:cracked_disordered_deepslate_bricks"
    },
    {
      "block": "chipped:angry_deepslate"
    },
    {
      "block": "chipped:simple_deepslate_pillar"
    },
    {
      "block": "chipped:vertical_cut_deepslate"
    },
    {
      "block": "chipped:deepslate_pillar_top"
    },
    {
      "block": "chipped:ornate_deepslate_pillar"
    },
    {
      "block": "chipped:pillar_deepslate_bricks"
    },
    {
      "block": "chipped:runic_carved_deepslate"
    },
    {
      "block": "chipped:tiled_deepslate"
    },
    {
      "block": "chipped:polished_deepslate"
    },
    {
      "block": "chipped:spider_deepslate_carving"
    },
    {
      "block": "chipped:deepslate_pillar"
    },
    {
      "block": "chipped:stacked_deepslate_bricks"
    },
    {
      "block": "chipped:small_deepslate_bricks"
    },
    {
      "block": "chipped:duh_deepslate"
    },
    {
      "block": "chipped:inlayed_deepslate"
    },
    {
      "block": "chipped:overlapping_deepslate_tiles"
    },
    {
      "block": "chipped:massive_deepslate_bricks"
    },
    {
      "block": "chipped:deepslate_mini_tiles"
    },
    {
      "block": "chipped:etched_deepslate_bricks"
    },
    {
      "block": "chipped:fine_deepslate_pillar"
    },
    {
      "block": "chipped:tiled_deepslate_column"
    },
    {
      "block": "chipped:edged_deepslate_bricks"
    }
  ]
}