{
  "type": "rechiseled:chiseling",
  "overwrite": false,
  "entries": [
    {
      "block": "minecraft:diorite"
    },
    {
      "block": "chipped:vertical_disordered_diorite_bricks"
    },
    {
      "block": "chipped:polished_diorite"
    },
    {
      "block": "chipped:tiled_diorite"
    },
    {
      "block": "chipped:sanded_diorite"
    },
    {
      "block": "chipped:simple_diorite_pillar"
    },
    {
      "block": "chipped:tiny_layered_diorite_slabs"
    },
    {
      "block": "chipped:smooth_inlayed_diorite"
    },
    {
      "block": "chipped:tiny_diorite_bricks"
    },
    {
      "block": "chipped:vertical_cut_diorite"
    },
    {
      "block": "chipped:spider_diorite_carving"
    },
    {
      "block": "chipped:diorite_scales"
    },
    {
      "block": "chipped:bordered_diorite"
    },
    {
      "block": "chipped:tiled_diorite_column"
    },
    {
      "block": "chipped:smooth_diorite_column"
    },
    {
      "block": "chipped:glad_diorite"
    },
    {
      "block": "chipped:diorite_mini_tiles"
    },
    {
      "block": "chipped:trodden_diorite"
    },
    {
      "block": "chipped:engraved_diorite"
    },
    {
      "block": "chipped:diorite_pillar"
    },
    {
      "block": "chipped:etched_diorite_bricks"
    },
    {
      "block": "chipped:rounded_diorite_bricks"
    },
    {
      "block": "chipped:brick_bordered_diorite"
    },
    {
      "block": "chipped:tiny_layered_diorite_bricks"
    },
    {
      "block": "chipped:inscribed_diorite"
    },
    {
      "block": "chipped:smooth_ringed_diorite"
    },
    {
      "block": "chipped:edged_diorite_bricks"
    },
    {
      "block": "chipped:eroded_diorite"
    },
    {
      "block": "chipped:carved_diorite"
    },
    {
      "block": "chipped:crying_diorite"
    },
    {
      "block": "chipped:cracked_diorite_bricks"
    },
    {
      "block": "chipped:prismal_diorite_remnants"
    },
    {
      "block": "chipped:rough_diorite"
    },
    {
      "block": "chipped:pillar_diorite_bricks"
    },
    {
      "block": "chipped:angry_diorite"
    },
    {
      "block": "chipped:flat_diorite_tiles"
    },
    {
      "block": "chipped:spiraled_diorite"
    },
    {
      "block": "chipped:fine_diorite_pillar"
    },
    {
      "block": "chipped:loded_diorite"
    },
    {
      "block": "chipped:massive_diorite_bricks"
    },
    {
      "block": "chipped:offset_diorite_bricks"
    },
    {
      "block": "chipped:unamused_diorite"
    },
    {
      "block": "chipped:cut_diorite_column"
    },
    {
      "block": "chipped:creeper_diorite_carving"
    },
    {
      "block": "chipped:overlapping_diorite_tiles"
    },
    {
      "block": "chipped:small_diorite_bricks"
    },
    {
      "block": "chipped:diorite_bricks"
    },
    {
      "block": "chipped:sad_diorite"
    },
    {
      "block": "chipped:checkered_diorite_tiles"
    },
    {
      "block": "chipped:cracked_disordered_diorite_bricks"
    },
    {
      "block": "chipped:diorite_pillar_top"
    },
    {
      "block": "chipped:layed_diorite_bricks"
    },
    {
      "block": "chipped:tiny_brick_bordered_diorite"
    },
    {
      "block": "chipped:inlayed_diorite"
    },
    {
      "block": "chipped:cut_blank_diorite"
    },
    {
      "block": "chipped:cracked_flat_diorite_tiles"
    },
    {
      "block": "chipped:stacked_diorite_bricks"
    },
    {
      "block": "chipped:weathered_diorite"
    },
    {
      "block": "chipped:cobbled_diorite"
    },
    {
      "block": "chipped:duh_diorite"
    },
    {
      "block": "chipped:thick_inlayed_diorite"
    },
    {
      "block": "chipped:curly_diorite_pillar"
    },
    {
      "block": "chipped:tiled_bordered_diorite"
    },
    {
      "block": "chipped:smoothed_double_inlayed_diorite"
    },
    {
      "block": "chipped:runic_carved_diorite"
    },
    {
      "block": "chipped:ornate_diorite_pillar"
    },
    {
      "block": "chipped:blank_diorite_carving"
    }
  ]
}