{
  "type": "rechiseled:chiseling",
  "overwrite": false,
  "entries": [
    {
      "block": "minecraft:dirt"
    },
    {
      "block": "chipped:tiny_dirt_bricks"
    },
    {
      "block": "chipped:bordered_dirt"
    },
    {
      "block": "chipped:creeper_dirt_carving"
    },
    {
      "block": "chipped:offset_dirt_bricks"
    },
    {
      "block": "chipped:inscribed_dirt"
    },
    {
      "block": "chipped:overlapping_dirt_tiles"
    },
    {
      "block": "chipped:sanded_dirt"
    },
    {
      "block": "chipped:glad_dirt"
    },
    {
      "block": "chipped:loded_dirt"
    },
    {
      "block": "chipped:angry_dirt"
    },
    {
      "block": "chipped:rough_dirt"
    },
    {
      "block": "chipped:tiled_dirt_column"
    },
    {
      "block": "chipped:eroded_dirt"
    },
    {
      "block": "chipped:dirt_bricks"
    },
    {
      "block": "chipped:cobbled_dirt"
    },
    {
      "block": "chipped:thick_inlayed_dirt"
    },
    {
      "block": "chipped:vertical_disordered_dirt_bricks"
    },
    {
      "block": "chipped:runic_carved_dirt"
    },
    {
      "block": "chipped:smooth_dirt_column"
    },
    {
      "block": "chipped:cut_blank_dirt"
    },
    {
      "block": "chipped:sad_dirt"
    },
    {
      "block": "chipped:cut_dirt_column"
    },
    {
      "block": "chipped:dirt_pillar"
    },
    {
      "block": "chipped:prismal_dirt_remnants"
    },
    {
      "block": "chipped:fine_dirt_pillar"
    },
    {
      "block": "chipped:tiny_layered_dirt_bricks"
    },
    {
      "block": "chipped:brick_bordered_dirt"
    },
    {
      "block": "chipped:carved_dirt"
    },
    {
      "block": "chipped:unamused_dirt"
    },
    {
      "block": "chipped:smoothed_double_inlayed_dirt"
    },
    {
      "block": "chipped:checkered_dirt_tiles"
    },
    {
      "block": "chipped:vertical_cut_dirt"
    },
    {
      "block": "chipped:ornate_dirt_pillar"
    },
    {
      "block": "chipped:spider_dirt_carving"
    },
    {
      "block": "chipped:smooth_ringed_dirt"
    },
    {
      "block": "chipped:dirt_mini_tiles"
    },
    {
      "block": "chipped:massive_dirt_bricks"
    },
    {
      "block": "chipped:curly_dirt_pillar"
    },
    {
      "block": "chipped:etched_dirt_bricks"
    },
    {
      "block": "chipped:tiled_dirt"
    },
    {
      "block": "chipped:dirt_scales"
    },
    {
      "block": "chipped:trodden_dirt"
    },
    {
      "block": "chipped:edged_dirt_bricks"
    },
    {
      "block": "chipped:flat_dirt_tiles"
    },
    {
      "block": "chipped:stacked_dirt_bricks"
    },
    {
      "block": "chipped:tiny_brick_bordered_dirt"
    },
    {
      "block": "chipped:blank_dirt_carving"
    },
    {
      "block": "chipped:simple_dirt_pillar"
    },
    {
      "block": "chipped:weathered_dirt"
    },
    {
      "block": "chipped:smooth_inlayed_dirt"
    },
    {
      "block": "chipped:cracked_flat_dirt_tiles"
    },
    {
      "block": "chipped:rounded_dirt_bricks"
    },
    {
      "block": "chipped:spiraled_dirt"
    },
    {
      "block": "chipped:layed_dirt_bricks"
    },
    {
      "block": "chipped:engraved_dirt"
    },
    {
      "block": "chipped:pillar_dirt_bricks"
    },
    {
      "block": "chipped:dirt_pillar_top"
    },
    {
      "block": "chipped:small_dirt_bricks"
    },
    {
      "block": "chipped:inlayed_dirt"
    },
    {
      "block": "chipped:crying_dirt"
    },
    {
      "block": "chipped:duh_dirt"
    },
    {
      "block": "chipped:polished_dirt"
    },
    {
      "block": "chipped:tiled_bordered_dirt"
    },
    {
      "block": "chipped:tiny_layered_dirt_slabs"
    },
    {
      "block": "chipped:cracked_disordered_dirt_bricks"
    },
    {
      "block": "chipped:cracked_dirt_bricks"
    }
  ]
}