{
  "type": "rechiseled:chiseling",
  "overwrite": false,
  "entries": [
    {
      "block": "minecraft:end_stone"
    },
    {
      "block": "chipped:crying_end_stone"
    },
    {
      "block": "chipped:spider_end_stone_carving"
    },
    {
      "block": "chipped:prismal_end_stone_remnants"
    },
    {
      "block": "chipped:spiraled_end_stone"
    },
    {
      "block": "chipped:small_end_stone_bricks"
    },
    {
      "block": "chipped:tiled_bordered_end_stone"
    },
    {
      "block": "chipped:engraved_end_stone"
    },
    {
      "block": "chipped:inlayed_end_stone"
    },
    {
      "block": "chipped:inscribed_end_stone"
    },
    {
      "block": "chipped:runic_carved_end_stone"
    },
    {
      "block": "chipped:end_stone_pillar"
    },
    {
      "block": "chipped:end_stone_scales"
    },
    {
      "block": "chipped:thick_inlayed_end_stone"
    },
    {
      "block": "chipped:bordered_end_stone"
    },
    {
      "block": "chipped:tiny_end_stone_bricks"
    },
    {
      "block": "chipped:sad_end_stone"
    },
    {
      "block": "chipped:fine_end_stone_pillar"
    },
    {
      "block": "chipped:carved_end_stone"
    },
    {
      "block": "chipped:glad_end_stone"
    },
    {
      "block": "chipped:pillar_end_stone_bricks"
    },
    {
      "block": "chipped:checkered_end_stone_tiles"
    },
    {
      "block": "chipped:smooth_end_stone_column"
    },
    {
      "block": "chipped:flat_end_stone_tiles"
    },
    {
      "block": "chipped:stacked_end_stone_bricks"
    },
    {
      "block": "chipped:tiny_layered_end_stone_bricks"
    },
    {
      "block": "chipped:end_stone_mini_tiles"
    },
    {
      "block": "chipped:cut_end_stone_column"
    },
    {
      "block": "chipped:angry_end_stone"
    },
    {
      "block": "chipped:simple_end_stone_pillar"
    },
    {
      "block": "chipped:cobbled_end_stone"
    },
    {
      "block": "chipped:weathered_end_stone"
    },
    {
      "block": "chipped:brick_bordered_end_stone"
    },
    {
      "block": "chipped:end_stone_pillar_top"
    },
    {
      "block": "chipped:polished_end_stone"
    },
    {
      "block": "chipped:cut_blank_end_stone"
    },
    {
      "block": "chipped:eroded_end_stone"
    },
    {
      "block": "chipped:trodden_end_stone"
    },
    {
      "block": "chipped:cracked_end_stone_bricks"
    },
    {
      "block": "chipped:smoothed_double_inlayed_end_stone"
    },
    {
      "block": "chipped:ornate_end_stone_pillar"
    },
    {
      "block": "chipped:rough_end_stone"
    },
    {
      "block": "chipped:vertical_disordered_end_stone_bricks"
    },
    {
      "block": "chipped:duh_end_stone"
    },
    {
      "block": "chipped:end_stone_bricks"
    },
    {
      "block": "chipped:cracked_disordered_end_stone_bricks"
    },
    {
      "block": "chipped:creeper_end_stone_carving"
    },
    {
      "block": "chipped:cracked_flat_end_stone_tiles"
    },
    {
      "block": "chipped:smooth_inlayed_end_stone"
    },
    {
      "block": "chipped:layed_end_stone_bricks"
    },
    {
      "block": "chipped:tiny_brick_bordered_end_stone"
    },
    {
      "block": "chipped:etched_end_stone_bricks"
    },
    {
      "block": "chipped:massive_end_stone_bricks"
    },
    {
      "block": "chipped:rounded_end_stone_bricks"
    },
    {
      "block": "chipped:vertical_cut_end_stone"
    },
    {
      "block": "chipped:unamused_end_stone"
    },
    {
      "block": "chipped:sanded_end_stone"
    },
    {
      "block": "chipped:smooth_ringed_end_stone"
    },
    {
      "block": "chipped:blank_end_stone_carving"
    },
    {
      "block": "chipped:tiled_end_stone_column"
    },
    {
      "block": "chipped:tiled_end_stone"
    },
    {
      "block": "chipped:edged_end_stone_bricks"
    },
    {
      "block": "chipped:tiny_layered_end_stone_slabs"
    },
    {
      "block": "chipped:offset_end_stone_bricks"
    },
    {
      "block": "chipped:loded_end_stone"
    },
    {
      "block": "chipped:curly_end_stone_pillar"
    },
    {
      "block": "chipped:overlapping_end_stone_tiles"
    }
  ]
}