{
  "type": "rechiseled:chiseling",
  "overwrite": false,
  "entries": [
    {
      "block": "minecraft:gilded_blackstone"
    },
    {
      "block": "chipped:inscribed_gilded_blackstone"
    },
    {
      "block": "chipped:angry_gilded_blackstone"
    },
    {
      "block": "chipped:tiny_layered_gilded_blackstone_bricks"
    },
    {
      "block": "chipped:etched_gilded_blackstone_bricks"
    },
    {
      "block": "chipped:engraved_gilded_blackstone"
    },
    {
      "block": "chipped:smooth_inlayed_gilded_blackstone"
    },
    {
      "block": "chipped:unamused_gilded_blackstone"
    },
    {
      "block": "chipped:simple_gilded_blackstone_pillar"
    },
    {
      "block": "chipped:trodden_gilded_blackstone"
    },
    {
      "block": "chipped:smooth_gilded_blackstone_column"
    },
    {
      "block": "chipped:gilded_blackstone_bricks"
    },
    {
      "block": "chipped:cracked_disordered_gilded_blackstone_bricks"
    },
    {
      "block": "chipped:stacked_gilded_blackstone_bricks"
    },
    {
      "block": "chipped:gilded_blackstone_mini_tiles"
    },
    {
      "block": "chipped:sanded_gilded_blackstone"
    },
    {
      "block": "chipped:cut_blank_gilded_blackstone"
    },
    {
      "block": "chipped:layed_gilded_blackstone_bricks"
    },
    {
      "block": "chipped:vertical_disordered_gilded_blackstone_bricks"
    },
    {
      "block": "chipped:curly_gilded_blackstone_pillar"
    },
    {
      "block": "chipped:spiraled_gilded_blackstone"
    },
    {
      "block": "chipped:inlayed_gilded_blackstone"
    },
    {
      "block": "chipped:gilded_blackstone_pillar_top"
    },
    {
      "block": "chipped:tiled_gilded_blackstone_column"
    },
    {
      "block": "chipped:prismal_gilded_blackstone_remnants"
    },
    {
      "block": "chipped:glad_gilded_blackstone"
    },
    {
      "block": "chipped:fine_gilded_blackstone_pillar"
    },
    {
      "block": "chipped:carved_gilded_blackstone"
    },
    {
      "block": "chipped:thick_inlayed_gilded_blackstone"
    },
    {
      "block": "chipped:cracked_flat_gilded_blackstone_tiles"
    },
    {
      "block": "chipped:rounded_gilded_blackstone_bricks"
    },
    {
      "block": "chipped:tiny_brick_bordered_gilded_blackstone"
    },
    {
      "block": "chipped:chunky_gilded_blackstone"
    },
    {
      "block": "chipped:smoothed_double_inlayed_gilded_blackstone"
    },
    {
      "block": "chipped:tiled_gilded_blackstone"
    },
    {
      "block": "chipped:blank_gilded_blackstone_carving"
    },
    {
      "block": "chipped:creeper_gilded_blackstone_carving"
    },
    {
      "block": "chipped:crying_gilded_blackstone"
    },
    {
      "block": "chipped:checkered_gilded_blackstone_tiles"
    },
    {
      "block": "chipped:weathered_gilded_blackstone"
    },
    {
      "block": "chipped:pillar_gilded_blackstone_bricks"
    },
    {
      "block": "chipped:loded_gilded_blackstone"
    },
    {
      "block": "chipped:ornate_gilded_blackstone_pillar"
    },
    {
      "block": "chipped:tiny_layered_gilded_blackstone_slabs"
    },
    {
      "block": "chipped:massive_gilded_blackstone_bricks"
    },
    {
      "block": "chipped:offset_gilded_blackstone_bricks"
    },
    {
      "block": "chipped:gilded_blackstone_pillar"
    },
    {
      "block": "chipped:smooth_ringed_gilded_blackstone"
    },
    {
      "block": "chipped:cracked_gilded_blackstone_bricks"
    },
    {
      "block": "chipped:overlapping_gilded_blackstone_tiles"
    },
    {
      "block": "chipped:sad_gilded_blackstone"
    },
    {
      "block": "chipped:eroded_gilded_blackstone"
    },
    {
      "block": "chipped:special_gilded_blackstone"
    },
    {
      "block": "chipped:tiled_bordered_gilded_blackstone"
    },
    {
      "block": "chipped:cobbled_gilded_blackstone"
    },
    {
      "block": "chipped:bordered_gilded_blackstone"
    },
    {
      "block": "chipped:brick_bordered_gilded_blackstone"
    },
    {
      "block": "chipped:runic_carved_gilded_blackstone"
    },
    {
      "block": "chipped:duh_gilded_blackstone"
    },
    {
      "block": "chipped:edged_gilded_blackstone_bricks"
    },
    {
      "block": "chipped:cut_gilded_blackstone_column"
    },
    {
      "block": "chipped:small_gilded_blackstone_bricks"
    },
    {
      "block": "chipped:flat_gilded_blackstone_tiles"
    },
    {
      "block": "chipped:gilded_blackstone_scales"
    },
    {
      "block": "chipped:spiral_gilded_blackstone"
    },
    {
      "block": "chipped:spider_gilded_blackstone_carving"
    },
    {
      "block": "chipped:reinforced_gilded_blackstone"
    },
    {
      "block": "chipped:polished_gilded_blackstone"
    },
    {
      "block": "chipped:tiny_gilded_blackstone_bricks"
    },
    {
      "block": "chipped:vertical_cut_gilded_blackstone"
    }
  ]
}