{
  "type": "rechiseled:chiseling",
  "overwrite": false,
  "entries": [
    {
      "block": "minecraft:glass_pane"
    },
    {
      "block": "chipped:lead_woven_glass_pane"
    },
    {
      "block": "chipped:circle_oak_glass_pane"
    },
    {
      "block": "chipped:oak_snowflake_glass_pane"
    },
    {
      "block": "chipped:oak_horizontal_lined_glass_pane"
    },
    {
      "block": "chipped:arched_leaded_glass_pane_pillar"
    },
    {
      "block": "chipped:oak_line_bared_glass_pane"
    },
    {
      "block": "chipped:oak_bared_glass_pane"
    },
    {
      "block": "chipped:small_diamond_leaded_glass_pane"
    },
    {
      "block": "chipped:oak_bordered_glass_pane"
    },
    {
      "block": "chipped:square_leaded_glass_pane"
    },
    {
      "block": "chipped:oak_diamond_bordered_glass_pane"
    },
    {
      "block": "chipped:raster_leaded_glass_pane"
    },
    {
      "block": "chipped:ornate_leaded_glass_pane"
    },
    {
      "block": "chipped:oak_ornate_bared_glass_pane"
    },
    {
      "block": "chipped:square_oak_glass_pane"
    },
    {
      "block": "chipped:oak_large_diamond_glass_pane"
    },
    {
      "block": "chipped:clear_leaded_glass_pane"
    },
    {
      "block": "chipped:oak_woven_glass_pane"
    },
    {
      "block": "chipped:vertical_leaded_glass_pane"
    },
    {
      "block": "chipped:fancy_leaded_glass_pane"
    },
    {
      "block": "chipped:large_diamond_leaded_glass_pane"
    }
  ]
}