{
  "type": "rechiseled:chiseling",
  "overwrite": false,
  "entries": [
    {
      "block": "minecraft:glowstone"
    },
    {
      "block": "chipped:fancy_glowstone_lantern"
    },
    {
      "block": "chipped:glowstone_lantern"
    },
    {
      "block": "chipped:tiled_glowstone_pillar"
    },
    {
      "block": "chipped:thick_inlayed_glowstone"
    },
    {
      "block": "chipped:double_inlayed_glowstone"
    },
    {
      "block": "chipped:ornate_glowstone_lantern"
    },
    {
      "block": "chipped:smooth_glowstone"
    },
    {
      "block": "chipped:wither_engraved_glowstone"
    },
    {
      "block": "chipped:framed_glowstone_lantern"
    },
    {
      "block": "chipped:glowing_lodestone_side"
    },
    {
      "block": "chipped:nether_engraved_glowstone"
    },
    {
      "block": "chipped:patterned_glowstone"
    },
    {
      "block": "chipped:edged_glowstone_lantern"
    },
    {
      "block": "chipped:hived_glowstone"
    },
    {
      "block": "chipped:bulbed_glowstone"
    },
    {
      "block": "chipped:cracked_glowstone"
    },
    {
      "block": "chipped:inlayed_glowstone"
    },
    {
      "block": "chipped:shimmering_glowstone"
    },
    {
      "block": "chipped:broken_glowstone"
    },
    {
      "block": "chipped:polished_glowstone"
    }
  ]
}