{
  "type": "rechiseled:chiseling",
  "overwrite": false,
  "entries": [
    {
      "block": "minecraft:granite"
    },
    {
      "block": "chipped:stacked_granite_bricks"
    },
    {
      "block": "chipped:smooth_inlayed_granite"
    },
    {
      "block": "chipped:bordered_granite"
    },
    {
      "block": "chipped:trodden_granite"
    },
    {
      "block": "chipped:offset_granite_bricks"
    },
    {
      "block": "chipped:granite_mini_tiles"
    },
    {
      "block": "chipped:massive_granite_bricks"
    },
    {
      "block": "chipped:smooth_ringed_granite"
    },
    {
      "block": "chipped:layed_granite_bricks"
    },
    {
      "block": "chipped:smoothed_double_inlayed_granite"
    },
    {
      "block": "chipped:fine_granite_pillar"
    },
    {
      "block": "chipped:overlapping_granite_tiles"
    },
    {
      "block": "chipped:tiled_granite_column"
    },
    {
      "block": "chipped:granite_scales"
    },
    {
      "block": "chipped:cracked_disordered_granite_bricks"
    },
    {
      "block": "chipped:rounded_granite_bricks"
    },
    {
      "block": "chipped:glad_granite"
    },
    {
      "block": "chipped:tiny_layered_granite_bricks"
    },
    {
      "block": "chipped:unamused_granite"
    },
    {
      "block": "chipped:rough_granite"
    },
    {
      "block": "chipped:brick_bordered_granite"
    },
    {
      "block": "chipped:duh_granite"
    },
    {
      "block": "chipped:thick_inlayed_granite"
    },
    {
      "block": "chipped:ornate_granite_pillar"
    },
    {
      "block": "chipped:tiny_layered_granite_slabs"
    },
    {
      "block": "chipped:simple_granite_pillar"
    },
    {
      "block": "chipped:vertical_disordered_granite_bricks"
    },
    {
      "block": "chipped:blank_granite_carving"
    },
    {
      "block": "chipped:runic_carved_granite"
    },
    {
      "block": "chipped:edged_granite_bricks"
    },
    {
      "block": "chipped:flat_granite_tiles"
    },
    {
      "block": "chipped:spider_granite_carving"
    },
    {
      "block": "chipped:granite_pillar_top"
    },
    {
      "block": "chipped:weathered_granite"
    },
    {
      "block": "chipped:curly_granite_pillar"
    },
    {
      "block": "chipped:angry_granite"
    },
    {
      "block": "chipped:smooth_granite_column"
    },
    {
      "block": "chipped:vertical_cut_granite"
    },
    {
      "block": "chipped:tiled_granite"
    },
    {
      "block": "chipped:prismal_granite_remnants"
    },
    {
      "block": "chipped:sad_granite"
    },
    {
      "block": "chipped:inlayed_granite"
    },
    {
      "block": "chipped:tiny_granite_bricks"
    },
    {
      "block": "chipped:granite_pillar"
    },
    {
      "block": "chipped:eroded_granite"
    },
    {
      "block": "chipped:pillar_granite_bricks"
    },
    {
      "block": "chipped:carved_granite"
    },
    {
      "block": "chipped:engraved_granite"
    },
    {
      "block": "chipped:loded_granite"
    },
    {
      "block": "chipped:cracked_granite_bricks"
    },
    {
      "block": "chipped:inscribed_granite"
    },
    {
      "block": "chipped:granite_bricks"
    },
    {
      "block": "chipped:checkered_granite_tiles"
    },
    {
      "block": "chipped:cut_blank_granite"
    },
    {
      "block": "chipped:small_granite_bricks"
    },
    {
      "block": "chipped:tiled_bordered_granite"
    },
    {
      "block": "chipped:spiraled_granite"
    },
    {
      "block": "chipped:polished_granite"
    },
    {
      "block": "chipped:creeper_granite_carving"
    },
    {
      "block": "chipped:sanded_granite"
    },
    {
      "block": "chipped:cut_granite_column"
    },
    {
      "block": "chipped:cobbled_granite"
    },
    {
      "block": "chipped:tiny_brick_bordered_granite"
    },
    {
      "block": "chipped:cracked_flat_granite_tiles"
    },
    {
      "block": "chipped:etched_granite_bricks"
    },
    {
      "block": "chipped:crying_granite"
    }
  ]
}