{
  "type": "rechiseled:chiseling",
  "overwrite": false,
  "entries": [
    {
      "block": "minecraft:gray_terracotta"
    },
    {
      "block": "chipped:inscribed_gray_terracotta"
    },
    {
      "block": "chipped:circular_gray_terracotta"
    },
    {
      "block": "chipped:hexagonical_gray_terracotta"
    },
    {
      "block": "chipped:starry_gray_terracotta"
    },
    {
      "block": "chipped:decorated_gray_terracotta"
    },
    {
      "block": "chipped:cut_gray_terracotta"
    },
    {
      "block": "chipped:triangular_gray_terracotta"
    },
    {
      "block": "chipped:gray_terracotta_pillar"
    },
    {
      "block": "chipped:gray_terracotta_column"
    },
    {
      "block": "chipped:curled_gray_terracotta"
    },
    {
      "block": "chipped:small_gray_terracotta_tiles"
    },
    {
      "block": "chipped:gray_terracotta_tiles"
    },
    {
      "block": "chipped:crossed_gray_terracotta"
    },
    {
      "block": "chipped:layered_gray_terracotta"
    },
    {
      "block": "chipped:gray_terracotta_tile"
    },
    {
      "block": "chipped:gray_terracotta_bricks"
    },
    {
      "block": "chipped:chiseled_gray_terracotta"
    }
  ]
}