{
  "type": "rechiseled:chiseling",
  "overwrite": false,
  "entries": [
    {
      "block": "minecraft:gray_carpet"
    },
    {
      "block": "chipped:cubed_gray_carpet"
    },
    {
      "block": "chipped:rectangle_gray_carpet"
    },
    {
      "block": "chipped:stringed_gray_carpet"
    },
    {
      "block": "chipped:tiled_gray_carpet"
    },
    {
      "block": "chipped:cornered_gray_carpet"
    },
    {
      "block": "chipped:ribbled_gray_carpet"
    },
    {
      "block": "chipped:woved_gray_carpet"
    },
    {
      "block": "chipped:crafted_gray_carpet"
    },
    {
      "block": "chipped:knitted_gray_carpet"
    },
    {
      "block": "chipped:scaled_gray_carpet"
    },
    {
      "block": "chipped:soft_gray_carpet"
    },
    {
      "block": "chipped:wickered_gray_carpet"
    },
    {
      "block": "chipped:windmill_gray_carpet"
    },
    {
      "block": "chipped:barky_gray_carpet"
    },
    {
      "block": "chipped:patched_gray_carpet"
    },
    {
      "block": "chipped:cross_haired_gray_carpet"
    },
    {
      "block": "chipped:bundled_gray_carpet"
    },
    {
      "block": "chipped:tripped_gray_carpet"
    },
    {
      "block": "chipped:harsh_quilted_gray_carpet"
    },
    {
      "block": "chipped:blocky_gray_carpet"
    }
  ]
}