{
  "type": "rechiseled:chiseling",
  "overwrite": false,
  "entries": [
    {
      "block": "minecraft:gray_stained_glass"
    },
    {
      "block": "chipped:vertical_stiped_gray_stained_glass"
    },
    {
      "block": "chipped:square_gray_stained_glass"
    },
    {
      "block": "chipped:woven_gray_stained_glass"
    },
    {
      "block": "chipped:circular_gray_stained_glass"
    },
    {
      "block": "chipped:arched_gray_stained_glass_pillar"
    },
    {
      "block": "chipped:tiled_gray_stained_glass"
    },
    {
      "block": "chipped:fancy_gray_stained_glass"
    },
    {
      "block": "chipped:large_diamond_gray_stained_glass"
    },
    {
      "block": "chipped:ornate_gray_stained_glass"
    },
    {
      "block": "chipped:small_gray_stained_glass"
    },
    {
      "block": "chipped:raster_gray_stained_glass"
    }
  ]
}