{
  "type": "rechiseled:chiseling",
  "overwrite": false,
  "entries": [
    {
      "block": "minecraft:gray_concrete"
    },
    {
      "block": "chipped:gray_concrete_bricks"
    },
    {
      "block": "chipped:wired_gray_concrete"
    },
    {
      "block": "chipped:gray_concrete_pillar"
    },
    {
      "block": "chipped:stop_gray_concrete"
    },
    {
      "block": "chipped:mosaic_gray_concrete"
    },
    {
      "block": "chipped:reinforced_gray_concrete"
    },
    {
      "block": "chipped:rusted_gray_concrete"
    },
    {
      "block": "chipped:grill_gray_concrete"
    },
    {
      "block": "chipped:hazard_gray_concrete"
    },
    {
      "block": "chipped:creeper_gray_concrete"
    },
    {
      "block": "chipped:striped_gray_concrete"
    },
    {
      "block": "chipped:warning_gray_concrete"
    },
    {
      "block": "chipped:grid_gray_concrete"
    },
    {
      "block": "chipped:bolted_gray_concrete"
    },
    {
      "block": "chipped:railed_gray_concrete"
    },
    {
      "block": "chipped:smooth_gray_concrete"
    },
    {
      "block": "chipped:gray_concrete_tiles"
    },
    {
      "block": "chipped:pegged_gray_concrete"
    },
    {
      "block": "chipped:stacked_gray_concrete"
    },
    {
      "block": "chipped:gray_concrete_panel"
    }
  ]
}