{
  "type": "rechiseled:chiseling",
  "overwrite": false,
  "entries": [
    {
      "block": "minecraft:gray_glazed_terracotta"
    },
    {
      "block": "chipped:hexagonical_gray_glazed_terracotta"
    },
    {
      "block": "chipped:gray_glazed_terracotta_pillar_top"
    },
    {
      "block": "chipped:waved_gray_glazed_terracotta"
    },
    {
      "block": "chipped:gray_glazed_terracotta_pillar_sides"
    },
    {
      "block": "chipped:paved_gray_glazed_terracotta"
    },
    {
      "block": "chipped:gray_glazed_terracotta_tiles"
    },
    {
      "block": "chipped:shrunken_gray_glazed_terracotta"
    },
    {
      "block": "chipped:starry_gray_glazed_terracotta"
    },
    {
      "block": "chipped:minimized_gray_glazed_terracotta"
    },
    {
      "block": "chipped:decorated_gray_glazed_terracotta"
    },
    {
      "block": "chipped:gray_glazed_terracotta_smooth_tiles"
    }
  ]
}