{
  "type": "rechiseled:chiseling",
  "overwrite": false,
  "entries": [
    {
      "block": "minecraft:gray_wool"
    },
    {
      "block": "chipped:barky_gray_wool"
    },
    {
      "block": "chipped:cornered_gray_wool"
    },
    {
      "block": "chipped:soft_gray_wool"
    },
    {
      "block": "chipped:crafted_gray_wool"
    },
    {
      "block": "chipped:cubed_gray_wool"
    },
    {
      "block": "chipped:stringed_gray_wool"
    },
    {
      "block": "chipped:scaled_gray_wool"
    },
    {
      "block": "chipped:harsh_quilted_gray_wool"
    },
    {
      "block": "chipped:patched_gray_wool"
    },
    {
      "block": "chipped:blocky_gray_wool"
    },
    {
      "block": "chipped:wickered_gray_wool"
    },
    {
      "block": "chipped:ribbled_gray_wool"
    },
    {
      "block": "chipped:cross_haired_gray_wool"
    },
    {
      "block": "chipped:bundled_gray_wool"
    },
    {
      "block": "chipped:tiled_gray_wool"
    },
    {
      "block": "chipped:tripped_gray_wool"
    },
    {
      "block": "chipped:woved_gray_wool"
    },
    {
      "block": "chipped:windmill_gray_wool"
    },
    {
      "block": "chipped:knitted_gray_wool"
    },
    {
      "block": "chipped:rectangle_gray_wool"
    }
  ]
}