{
  "type": "rechiseled:chiseling",
  "overwrite": false,
  "entries": [
    {
      "block": "minecraft:green_carpet"
    },
    {
      "block": "chipped:patched_green_carpet"
    },
    {
      "block": "chipped:windmill_green_carpet"
    },
    {
      "block": "chipped:stringed_green_carpet"
    },
    {
      "block": "chipped:woved_green_carpet"
    },
    {
      "block": "chipped:cornered_green_carpet"
    },
    {
      "block": "chipped:ribbled_green_carpet"
    },
    {
      "block": "chipped:knitted_green_carpet"
    },
    {
      "block": "chipped:blocky_green_carpet"
    },
    {
      "block": "chipped:bundled_green_carpet"
    },
    {
      "block": "chipped:cubed_green_carpet"
    },
    {
      "block": "chipped:rectangle_green_carpet"
    },
    {
      "block": "chipped:barky_green_carpet"
    },
    {
      "block": "chipped:wickered_green_carpet"
    },
    {
      "block": "chipped:tiled_green_carpet"
    },
    {
      "block": "chipped:scaled_green_carpet"
    },
    {
      "block": "chipped:crafted_green_carpet"
    },
    {
      "block": "chipped:tripped_green_carpet"
    },
    {
      "block": "chipped:cross_haired_green_carpet"
    },
    {
      "block": "chipped:harsh_quilted_green_carpet"
    },
    {
      "block": "chipped:soft_green_carpet"
    }
  ]
}