{
  "type": "rechiseled:chiseling",
  "overwrite": false,
  "entries": [
    {
      "block": "minecraft:green_stained_glass"
    },
    {
      "block": "chipped:square_green_stained_glass"
    },
    {
      "block": "chipped:small_green_stained_glass"
    },
    {
      "block": "chipped:arched_green_stained_glass_pillar"
    },
    {
      "block": "chipped:ornate_green_stained_glass"
    },
    {
      "block": "chipped:fancy_green_stained_glass"
    },
    {
      "block": "chipped:woven_green_stained_glass"
    },
    {
      "block": "chipped:large_diamond_green_stained_glass"
    },
    {
      "block": "chipped:vertical_stiped_green_stained_glass"
    },
    {
      "block": "chipped:circular_green_stained_glass"
    },
    {
      "block": "chipped:tiled_green_stained_glass"
    },
    {
      "block": "chipped:raster_green_stained_glass"
    }
  ]
}