{
  "type": "rechiseled:chiseling",
  "overwrite": false,
  "entries": [
    {
      "block": "minecraft:green_glazed_terracotta"
    },
    {
      "block": "chipped:paved_green_glazed_terracotta"
    },
    {
      "block": "chipped:green_glazed_terracotta_pillar_sides"
    },
    {
      "block": "chipped:green_glazed_terracotta_pillar_top"
    },
    {
      "block": "chipped:shrunken_green_glazed_terracotta"
    },
    {
      "block": "chipped:starry_green_glazed_terracotta"
    },
    {
      "block": "chipped:hexagonical_green_glazed_terracotta"
    },
    {
      "block": "chipped:green_glazed_terracotta_smooth_tiles"
    },
    {
      "block": "chipped:decorated_green_glazed_terracotta"
    },
    {
      "block": "chipped:waved_green_glazed_terracotta"
    },
    {
      "block": "chipped:minimized_green_glazed_terracotta"
    },
    {
      "block": "chipped:green_glazed_terracotta_tiles"
    }
  ]
}