{
  "type": "rechiseled:chiseling",
  "overwrite": false,
  "entries": [
    {
      "block": "minecraft:green_terracotta"
    },
    {
      "block": "chipped:curled_green_terracotta"
    },
    {
      "block": "chipped:starry_green_terracotta"
    },
    {
      "block": "chipped:circular_green_terracotta"
    },
    {
      "block": "chipped:green_terracotta_bricks"
    },
    {
      "block": "chipped:inscribed_green_terracotta"
    },
    {
      "block": "chipped:crossed_green_terracotta"
    },
    {
      "block": "chipped:small_green_terracotta_tiles"
    },
    {
      "block": "chipped:triangular_green_terracotta"
    },
    {
      "block": "chipped:green_terracotta_column"
    },
    {
      "block": "chipped:decorated_green_terracotta"
    },
    {
      "block": "chipped:hexagonical_green_terracotta"
    },
    {
      "block": "chipped:green_terracotta_tile"
    },
    {
      "block": "chipped:green_terracotta_pillar"
    },
    {
      "block": "chipped:cut_green_terracotta"
    },
    {
      "block": "chipped:layered_green_terracotta"
    },
    {
      "block": "chipped:green_terracotta_tiles"
    },
    {
      "block": "chipped:chiseled_green_terracotta"
    }
  ]
}