{
  "type": "rechiseled:chiseling",
  "overwrite": false,
  "entries": [
    {
      "block": "minecraft:green_concrete"
    },
    {
      "block": "chipped:stacked_green_concrete"
    },
    {
      "block": "chipped:green_concrete_bricks"
    },
    {
      "block": "chipped:railed_green_concrete"
    },
    {
      "block": "chipped:bolted_green_concrete"
    },
    {
      "block": "chipped:grid_green_concrete"
    },
    {
      "block": "chipped:green_concrete_tiles"
    },
    {
      "block": "chipped:wired_green_concrete"
    },
    {
      "block": "chipped:green_concrete_pillar"
    },
    {
      "block": "chipped:pegged_green_concrete"
    },
    {
      "block": "chipped:green_concrete_panel"
    },
    {
      "block": "chipped:reinforced_green_concrete"
    },
    {
      "block": "chipped:mosaic_green_concrete"
    },
    {
      "block": "chipped:striped_green_concrete"
    },
    {
      "block": "chipped:hazard_green_concrete"
    },
    {
      "block": "chipped:rusted_green_concrete"
    },
    {
      "block": "chipped:grill_green_concrete"
    },
    {
      "block": "chipped:warning_green_concrete"
    },
    {
      "block": "chipped:stop_green_concrete"
    },
    {
      "block": "chipped:smooth_green_concrete"
    },
    {
      "block": "chipped:creeper_green_concrete"
    }
  ]
}