{
  "type": "rechiseled:chiseling",
  "overwrite": false,
  "entries": [
    {
      "block": "minecraft:ice"
    },
    {
      "block": "chipped:glad_ice"
    },
    {
      "block": "chipped:smooth_ice_column"
    },
    {
      "block": "chipped:weathered_ice"
    },
    {
      "block": "chipped:cut_ice_column"
    },
    {
      "block": "chipped:angry_ice"
    },
    {
      "block": "chipped:tiled_ice"
    },
    {
      "block": "chipped:ice_pillar"
    },
    {
      "block": "chipped:runic_carved_ice"
    },
    {
      "block": "chipped:cracked_disordered_ice_bricks"
    },
    {
      "block": "chipped:stacked_ice_bricks"
    },
    {
      "block": "chipped:layed_ice_bricks"
    },
    {
      "block": "chipped:smooth_inlayed_ice"
    },
    {
      "block": "chipped:eroded_ice"
    },
    {
      "block": "chipped:inscribed_ice"
    },
    {
      "block": "chipped:spider_ice_carving"
    },
    {
      "block": "chipped:sanded_ice"
    },
    {
      "block": "chipped:smooth_ringed_ice"
    },
    {
      "block": "chipped:vertical_disordered_ice_bricks"
    },
    {
      "block": "chipped:loded_ice"
    },
    {
      "block": "chipped:blank_ice_carving"
    },
    {
      "block": "chipped:unamused_ice"
    },
    {
      "block": "chipped:ice_pillar_top"
    },
    {
      "block": "chipped:ornate_ice_pillar"
    },
    {
      "block": "chipped:pillar_ice_bricks"
    },
    {
      "block": "chipped:flat_ice_tiles"
    },
    {
      "block": "chipped:ice_bricks"
    },
    {
      "block": "chipped:polished_ice"
    },
    {
      "block": "chipped:inlayed_ice"
    },
    {
      "block": "chipped:duh_ice"
    },
    {
      "block": "chipped:carved_ice"
    },
    {
      "block": "chipped:brick_bordered_ice"
    },
    {
      "block": "chipped:smoothed_double_inlayed_ice"
    },
    {
      "block": "chipped:tiny_layered_ice_bricks"
    },
    {
      "block": "chipped:trodden_ice"
    },
    {
      "block": "chipped:creeper_ice_carving"
    },
    {
      "block": "chipped:etched_ice_bricks"
    },
    {
      "block": "chipped:simple_ice_pillar"
    },
    {
      "block": "chipped:tiny_ice_bricks"
    },
    {
      "block": "chipped:cobbled_ice"
    },
    {
      "block": "chipped:offset_ice_bricks"
    },
    {
      "block": "chipped:ice_scales"
    },
    {
      "block": "chipped:sad_ice"
    },
    {
      "block": "chipped:overlapping_ice_tiles"
    },
    {
      "block": "chipped:crying_ice"
    },
    {
      "block": "chipped:prismal_ice_remnants"
    },
    {
      "block": "chipped:checkered_ice_tiles"
    },
    {
      "block": "chipped:tiled_ice_column"
    },
    {
      "block": "chipped:spiraled_ice"
    },
    {
      "block": "chipped:cracked_ice_bricks"
    },
    {
      "block": "chipped:cut_blank_ice"
    },
    {
      "block": "chipped:curly_ice_pillar"
    },
    {
      "block": "chipped:fine_ice_pillar"
    },
    {
      "block": "chipped:cracked_flat_ice_tiles"
    },
    {
      "block": "chipped:ice_mini_tiles"
    },
    {
      "block": "chipped:small_ice_bricks"
    },
    {
      "block": "chipped:massive_ice_bricks"
    },
    {
      "block": "chipped:engraved_ice"
    },
    {
      "block": "chipped:tiny_brick_bordered_ice"
    },
    {
      "block": "chipped:tiny_layered_ice_slabs"
    },
    {
      "block": "chipped:rough_ice"
    },
    {
      "block": "chipped:vertical_cut_ice"
    },
    {
      "block": "chipped:bordered_ice"
    },
    {
      "block": "chipped:rounded_ice_bricks"
    },
    {
      "block": "chipped:thick_inlayed_ice"
    },
    {
      "block": "chipped:edged_ice_bricks"
    },
    {
      "block": "chipped:tiled_bordered_ice"
    }
  ]
}