{
  "type": "rechiseled:chiseling",
  "overwrite": false,
  "entries": [
    {
      "block": "minecraft:iron_bars"
    },
    {
      "block": "chipped:floral_iron_bars"
    },
    {
      "block": "chipped:barbed_iron_bars"
    },
    {
      "block": "chipped:iron_bars_top"
    },
    {
      "block": "chipped:harp_iron_bars"
    },
    {
      "block": "chipped:bolted_iron_bars"
    },
    {
      "block": "chipped:linked_iron_bars"
    },
    {
      "block": "chipped:supported_iron_bars"
    },
    {
      "block": "chipped:woven_iron_bars"
    },
    {
      "block": "chipped:thorned_iron_bars"
    },
    {
      "block": "chipped:crossed_iron_bars"
    },
    {
      "block": "chipped:chained_iron_bars"
    },
    {
      "block": "chipped:crossbolted_iron_bars"
    },
    {
      "block": "chipped:railed_iron_bars"
    },
    {
      "block": "chipped:vined_iron_bars"
    },
    {
      "block": "chipped:piked_iron_bars"
    },
    {
      "block": "chipped:zippered_iron_bars"
    },
    {
      "block": "chipped:victorian_iron_bars_pikes"
    },
    {
      "block": "chipped:loose_iron_bars"
    },
    {
      "block": "chipped:stepped_iron_bars"
    },
    {
      "block": "chipped:sturdy_iron_bars"
    },
    {
      "block": "chipped:sighthole_iron_bars"
    }
  ]
}