{
  "type": "rechiseled:chiseling",
  "overwrite": false,
  "entries": [
    {
      "block": "minecraft:jack_o_lantern"
    },
    {
      "block": "chipped:squished_cute_jack_o_lantern"
    },
    {
      "block": "chipped:creepy_jack_o_lantern"
    },
    {
      "block": "chipped:traditional_jack_o_lantern"
    },
    {
      "block": "chipped:spooky_jack_o_lantern"
    },
    {
      "block": "chipped:silly_jack_o_lantern"
    },
    {
      "block": "chipped:smiling_jack_o_lantern"
    },
    {
      "block": "chipped:horrified_jack_o_lantern"
    },
    {
      "block": "chipped:overjoyed_jack_o_lantern"
    },
    {
      "block": "chipped:owo_jack_o_lantern"
    },
    {
      "block": "chipped:nether_jack_o_lantern"
    },
    {
      "block": "chipped:slight_smile_jack_o_lantern"
    },
    {
      "block": "chipped:bad_time_jack_o_lantern"
    },
    {
      "block": "chipped:upside_down_jack_o_lantern"
    },
    {
      "block": "chipped:end_jack_o_lantern"
    },
    {
      "block": "chipped:tiny_smug_jack_o_lantern"
    },
    {
      "block": "chipped:kitty_faced_jack_o_lantern"
    },
    {
      "block": "chipped:anguished_jack_o_lantern"
    },
    {
      "block": "chipped:devious_jack_o_lantern"
    },
    {
      "block": "chipped:suspicious_jack_o_lantern"
    },
    {
      "block": "chipped:wide_eyed_jack_o_lantern"
    },
    {
      "block": "chipped:end_purple_jack_o_lantern"
    },
    {
      "block": "chipped:boo_jack_o_lantern"
    }
  ]
}