{
  "type": "rechiseled:chiseling",
  "overwrite": false,
  "entries": [
    {
      "block": "minecraft:jungle_log"
    },
    {
      "block": "chipped:planked_jungle_log"
    },
    {
      "block": "chipped:damaged_jungle_log"
    },
    {
      "block": "chipped:firewood_jungle_log"
    },
    {
      "block": "chipped:nailed_jungle_log"
    },
    {
      "block": "chipped:mixed_jungle_log"
    },
    {
      "block": "chipped:flowering_jungle_log"
    },
    {
      "block": "chipped:center_cut_jungle_log"
    },
    {
      "block": "chipped:reinforced_jungle_log"
    },
    {
      "block": "chipped:edge_cut_jungle_log"
    },
    {
      "block": "chipped:overgrown_jungle_log"
    },
    {
      "block": "chipped:bundled_jungle_log"
    }
  ]
}