{
  "type": "rechiseled:chiseling",
  "overwrite": false,
  "entries": [
    {
      "block": "minecraft:jungle_trapdoor"
    },
    {
      "block": "chipped:classic_jungle_trapdoor"
    },
    {
      "block": "chipped:solid_jungle_trapdoor"
    },
    {
      "block": "chipped:leafy_jungle_trapdoor"
    },
    {
      "block": "chipped:slotted_jungle_trapdoor"
    },
    {
      "block": "chipped:golden_barred_jungle_trapdoor"
    },
    {
      "block": "chipped:barred_jungle_trapdoor"
    },
    {
      "block": "chipped:windowed_jungle_trapdoor"
    },
    {
      "block": "chipped:vined_jungle_trapdoor"
    },
    {
      "block": "chipped:cobweb_jungle_trapdoor"
    },
    {
      "block": "chipped:heavy_jungle_trapdoor"
    },
    {
      "block": "chipped:distorted_jungle_trapdoor"
    },
    {
      "block": "chipped:twisted_jungle_trapdoor"
    },
    {
      "block": "chipped:iron_barred_jungle_trapdoor"
    },
    {
      "block": "chipped:suspicious_jungle_trapdoor"
    },
    {
      "block": "chipped:meshed_jungle_trapdoor"
    },
    {
      "block": "chipped:overgrown_jungle_trapdoor"
    },
    {
      "block": "chipped:classic_windowed_jungle_trapdoor"
    },
    {
      "block": "chipped:pointless_jungle_trapdoor"
    },
    {
      "block": "chipped:warted_jungle_trapdoor"
    },
    {
      "block": "chipped:woven_jungle_trapdoor"
    },
    {
      "block": "chipped:checkered_jungle_trapdoor"
    },
    {
      "block": "chipped:airy_jungle_trapdoor"
    }
  ]
}