{
  "type": "rechiseled:chiseling",
  "overwrite": false,
  "entries": [
    {
      "block": "minecraft:jungle_door"
    },
    {
      "block": "chipped:paneled_jungle_door"
    },
    {
      "block": "chipped:paper_jungle_door"
    },
    {
      "block": "chipped:sliding_jungle_door"
    },
    {
      "block": "chipped:secret_jungle_door"
    },
    {
      "block": "chipped:tiled_jungle_door"
    },
    {
      "block": "chipped:boarded_jungle_door"
    },
    {
      "block": "chipped:dual_paneled_jungle_door"
    },
    {
      "block": "chipped:shack_jungle_door"
    },
    {
      "block": "chipped:glass_jungle_door"
    },
    {
      "block": "chipped:supported_jungle_door"
    },
    {
      "block": "chipped:barred_jungle_door"
    },
    {
      "block": "chipped:gated_jungle_door"
    },
    {
      "block": "chipped:fortified_jungle_door"
    },
    {
      "block": "chipped:windowed_jungle_door"
    },
    {
      "block": "chipped:overgrown_jungle_door"
    },
    {
      "block": "chipped:heavy_jungle_door"
    },
    {
      "block": "chipped:screen_jungle_door"
    },
    {
      "block": "chipped:tile_windowed_jungle_door"
    },
    {
      "block": "chipped:pressed_jungle_door"
    }
  ]
}