{
  "type": "rechiseled:chiseling",
  "overwrite": false,
  "entries": [
    {
      "block": "minecraft:jungle_leaves"
    },
    {
      "block": "chipped:cherry_jungle_leaves"
    },
    {
      "block": "chipped:white_flower_jungle_leaves"
    },
    {
      "block": "chipped:golden_jungle_leaves"
    },
    {
      "block": "chipped:frosted_jungle_leaves"
    },
    {
      "block": "chipped:apple_jungle_leaves"
    },
    {
      "block": "chipped:orange_jungle_leaves"
    },
    {
      "block": "chipped:dead_jungle_leaves"
    },
    {
      "block": "chipped:golden_cherry_jungle_leaves"
    },
    {
      "block": "chipped:golden_apple_jungle_leaves"
    },
    {
      "block": "chipped:red_jungle_leaves"
    },
    {
      "block": "chipped:magenta_flower_jungle_leaves"
    }
  ]
}