{
  "type": "rechiseled:chiseling",
  "overwrite": false,
  "entries": [
    {
      "block": "minecraft:jungle_planks"
    },
    {
      "block": "chipped:jungle_planks_panel"
    },
    {
      "block": "chipped:shifted_jungle_planks"
    },
    {
      "block": "chipped:herringbone_jungle_planks"
    },
    {
      "block": "chipped:diamond_jungle_planks"
    },
    {
      "block": "chipped:vertical_jungle_planks"
    },
    {
      "block": "chipped:brick_bond_jungle_planks"
    },
    {
      "block": "chipped:nailed_jungle_planks"
    },
    {
      "block": "chipped:double_herringbone_jungle_planks"
    },
    {
      "block": "chipped:enclosed_jungle_planks"
    },
    {
      "block": "chipped:jungle_planks_shavings"
    },
    {
      "block": "chipped:crossed_jungle_planks"
    },
    {
      "block": "chipped:bricky_jungle_planks"
    },
    {
      "block": "chipped:basket_woven_jungle_planks"
    },
    {
      "block": "chipped:pegged_jungle_planks"
    },
    {
      "block": "chipped:whirlwind_jungle_planks"
    },
    {
      "block": "chipped:framed_jungle_planks"
    },
    {
      "block": "chipped:versailles_jungle_planks"
    },
    {
      "block": "chipped:vertically_railed_jungle_planks"
    },
    {
      "block": "chipped:tiled_jungle_planks"
    },
    {
      "block": "chipped:laced_jungle_planks"
    },
    {
      "block": "chipped:hewn_jungle_planks"
    },
    {
      "block": "chipped:fine_vertical_jungle_planks"
    },
    {
      "block": "chipped:cross_laced_jungle_planks"
    },
    {
      "block": "chipped:boxed_jungle_planks"
    },
    {
      "block": "chipped:smooth_jungle_planks"
    },
    {
      "block": "chipped:polished_jungle_planks"
    },
    {
      "block": "chipped:detailed_jungle_planks"
    },
    {
      "block": "chipped:fine_jungle_planks"
    },
    {
      "block": "chipped:railed_jungle_planks"
    },
    {
      "block": "chipped:thin_jungle_planks"
    },
    {
      "block": "chipped:jungle_planks_mosaic"
    },
    {
      "block": "chipped:crated_jungle_planks"
    },
    {
      "block": "chipped:slanted_jungle_planks"
    },
    {
      "block": "chipped:natural_jungle_planks"
    },
    {
      "block": "chipped:diagonal_jungle_planks"
    },
    {
      "block": "chipped:stacked_jungle_planks"
    },
    {
      "block": "chipped:cornered_jungle_planks"
    },
    {
      "block": "chipped:wickered_jungle_planks"
    }
  ]
}