{
  "type": "rechiseled:chiseling",
  "overwrite": false,
  "entries": [
    {
      "block": "minecraft:ladder"
    },
    {
      "block": "chipped:mossy_ladder"
    },
    {
      "block": "chipped:crooked_plank_ladder"
    },
    {
      "block": "chipped:metal_ladder"
    },
    {
      "block": "chipped:railed_ladder"
    },
    {
      "block": "chipped:roped_ladder"
    },
    {
      "block": "chipped:plank_ladder"
    },
    {
      "block": "chipped:crooked_ropeplank_ladder"
    },
    {
      "block": "chipped:rope_planked_ladder"
    },
    {
      "block": "chipped:strong_ladder"
    },
    {
      "block": "chipped:crooked_ladder"
    }
  ]
}