{
  "type": "rechiseled:chiseling",
  "overwrite": false,
  "entries": [
    {
      "block": "minecraft:lantern"
    },
    {
      "block": "chipped:ender_lantern"
    },
    {
      "block": "chipped:checkered_iron_lantern"
    },
    {
      "block": "chipped:green_paper_lantern"
    },
    {
      "block": "chipped:wrought_iron_lantern"
    },
    {
      "block": "chipped:white_paper_lantern"
    },
    {
      "block": "chipped:burning_coal_lantern"
    },
    {
      "block": "chipped:purple_paper_lantern"
    },
    {
      "block": "chipped:dark_blue_paper_lantern"
    },
    {
      "block": "chipped:blue_paper_lantern"
    },
    {
      "block": "chipped:donut_lantern"
    },
    {
      "block": "chipped:small_green_lantern"
    },
    {
      "block": "chipped:red_paper_lantern"
    },
    {
      "block": "chipped:tall_lantern"
    },
    {
      "block": "chipped:yellow_tube_lantern"
    },
    {
      "block": "chipped:wooden_cage_lantern"
    },
    {
      "block": "chipped:wide_lantern"
    },
    {
      "block": "chipped:iron_bowl_lantern"
    },
    {
      "block": "chipped:big_lantern"
    }
  ]
}