{
  "type": "rechiseled:chiseling",
  "overwrite": false,
  "entries": [
    {
      "block": "minecraft:light_gray_glazed_terracotta"
    },
    {
      "block": "chipped:light_gray_glazed_terracotta_smooth_tiles"
    },
    {
      "block": "chipped:decorated_light_gray_glazed_terracotta"
    },
    {
      "block": "chipped:shrunken_light_gray_glazed_terracotta"
    },
    {
      "block": "chipped:paved_light_gray_glazed_terracotta"
    },
    {
      "block": "chipped:hexagonical_light_gray_glazed_terracotta"
    },
    {
      "block": "chipped:light_gray_glazed_terracotta_pillar_top"
    },
    {
      "block": "chipped:minimized_light_gray_glazed_terracotta"
    },
    {
      "block": "chipped:light_gray_glazed_terracotta_pillar_sides"
    },
    {
      "block": "chipped:waved_light_gray_glazed_terracotta"
    },
    {
      "block": "chipped:light_gray_glazed_terracotta_tiles"
    },
    {
      "block": "chipped:starry_light_gray_glazed_terracotta"
    }
  ]
}