{
  "type": "rechiseled:chiseling",
  "overwrite": false,
  "entries": [
    {
      "block": "minecraft:light_blue_terracotta"
    },
    {
      "block": "chipped:chiseled_light_blue_terracotta"
    },
    {
      "block": "chipped:light_blue_terracotta_tile"
    },
    {
      "block": "chipped:circular_light_blue_terracotta"
    },
    {
      "block": "chipped:layered_light_blue_terracotta"
    },
    {
      "block": "chipped:cut_light_blue_terracotta"
    },
    {
      "block": "chipped:light_blue_terracotta_pillar"
    },
    {
      "block": "chipped:light_blue_terracotta_column"
    },
    {
      "block": "chipped:starry_light_blue_terracotta"
    },
    {
      "block": "chipped:crossed_light_blue_terracotta"
    },
    {
      "block": "chipped:curled_light_blue_terracotta"
    },
    {
      "block": "chipped:small_light_blue_terracotta_tiles"
    },
    {
      "block": "chipped:light_blue_terracotta_bricks"
    },
    {
      "block": "chipped:triangular_light_blue_terracotta"
    },
    {
      "block": "chipped:inscribed_light_blue_terracotta"
    },
    {
      "block": "chipped:hexagonical_light_blue_terracotta"
    },
    {
      "block": "chipped:decorated_light_blue_terracotta"
    },
    {
      "block": "chipped:light_blue_terracotta_tiles"
    }
  ]
}