{
  "type": "rechiseled:chiseling",
  "overwrite": false,
  "entries": [
    {
      "block": "minecraft:light_gray_carpet"
    },
    {
      "block": "chipped:harsh_quilted_light_gray_carpet"
    },
    {
      "block": "chipped:crafted_light_gray_carpet"
    },
    {
      "block": "chipped:barky_light_gray_carpet"
    },
    {
      "block": "chipped:cross_haired_light_gray_carpet"
    },
    {
      "block": "chipped:soft_light_gray_carpet"
    },
    {
      "block": "chipped:blocky_light_gray_carpet"
    },
    {
      "block": "chipped:scaled_light_gray_carpet"
    },
    {
      "block": "chipped:cubed_light_gray_carpet"
    },
    {
      "block": "chipped:cornered_light_gray_carpet"
    },
    {
      "block": "chipped:patched_light_gray_carpet"
    },
    {
      "block": "chipped:woved_light_gray_carpet"
    },
    {
      "block": "chipped:tiled_light_gray_carpet"
    },
    {
      "block": "chipped:rectangle_light_gray_carpet"
    },
    {
      "block": "chipped:tripped_light_gray_carpet"
    },
    {
      "block": "chipped:windmill_light_gray_carpet"
    },
    {
      "block": "chipped:bundled_light_gray_carpet"
    },
    {
      "block": "chipped:knitted_light_gray_carpet"
    },
    {
      "block": "chipped:ribbled_light_gray_carpet"
    },
    {
      "block": "chipped:wickered_light_gray_carpet"
    },
    {
      "block": "chipped:stringed_light_gray_carpet"
    }
  ]
}