{
  "type": "rechiseled:chiseling",
  "overwrite": false,
  "entries": [
    {
      "block": "minecraft:light_gray_stained_glass_pane"
    },
    {
      "block": "chipped:arched_light_gray_stained_glass_pane_pillar"
    },
    {
      "block": "chipped:tiled_light_gray_stained_glass_pane"
    },
    {
      "block": "chipped:small_light_gray_stained_glass_pane"
    },
    {
      "block": "chipped:raster_light_gray_stained_glass_pane"
    },
    {
      "block": "chipped:large_diamond_light_gray_stained_glass_pane"
    },
    {
      "block": "chipped:woven_light_gray_stained_glass_pane"
    },
    {
      "block": "chipped:ornate_light_gray_stained_glass_pane"
    },
    {
      "block": "chipped:fancy_light_gray_stained_glass_pane"
    },
    {
      "block": "chipped:square_light_gray_stained_glass_pane"
    },
    {
      "block": "chipped:circular_light_gray_stained_glass_pane"
    },
    {
      "block": "chipped:vertical_stiped_light_gray_stained_glass_pane"
    }
  ]
}