{
  "type": "rechiseled:chiseling",
  "overwrite": false,
  "entries": [
    {
      "block": "minecraft:light_gray_terracotta"
    },
    {
      "block": "chipped:light_gray_terracotta_tiles"
    },
    {
      "block": "chipped:inscribed_light_gray_terracotta"
    },
    {
      "block": "chipped:chiseled_light_gray_terracotta"
    },
    {
      "block": "chipped:hexagonical_light_gray_terracotta"
    },
    {
      "block": "chipped:light_gray_terracotta_bricks"
    },
    {
      "block": "chipped:light_gray_terracotta_pillar"
    },
    {
      "block": "chipped:cut_light_gray_terracotta"
    },
    {
      "block": "chipped:starry_light_gray_terracotta"
    },
    {
      "block": "chipped:small_light_gray_terracotta_tiles"
    },
    {
      "block": "chipped:light_gray_terracotta_tile"
    },
    {
      "block": "chipped:layered_light_gray_terracotta"
    },
    {
      "block": "chipped:decorated_light_gray_terracotta"
    },
    {
      "block": "chipped:crossed_light_gray_terracotta"
    },
    {
      "block": "chipped:light_gray_terracotta_column"
    },
    {
      "block": "chipped:triangular_light_gray_terracotta"
    },
    {
      "block": "chipped:circular_light_gray_terracotta"
    },
    {
      "block": "chipped:curled_light_gray_terracotta"
    }
  ]
}