{
  "type": "rechiseled:chiseling",
  "overwrite": false,
  "entries": [
    {
      "block": "minecraft:light_gray_concrete"
    },
    {
      "block": "chipped:reinforced_light_gray_concrete"
    },
    {
      "block": "chipped:creeper_light_gray_concrete"
    },
    {
      "block": "chipped:bolted_light_gray_concrete"
    },
    {
      "block": "chipped:smooth_light_gray_concrete"
    },
    {
      "block": "chipped:rusted_light_gray_concrete"
    },
    {
      "block": "chipped:light_gray_concrete_tiles"
    },
    {
      "block": "chipped:grill_light_gray_concrete"
    },
    {
      "block": "chipped:warning_light_gray_concrete"
    },
    {
      "block": "chipped:stop_light_gray_concrete"
    },
    {
      "block": "chipped:light_gray_concrete_panel"
    },
    {
      "block": "chipped:stacked_light_gray_concrete"
    },
    {
      "block": "chipped:light_gray_concrete_pillar"
    },
    {
      "block": "chipped:pegged_light_gray_concrete"
    },
    {
      "block": "chipped:hazard_light_gray_concrete"
    },
    {
      "block": "chipped:railed_light_gray_concrete"
    },
    {
      "block": "chipped:grid_light_gray_concrete"
    },
    {
      "block": "chipped:mosaic_light_gray_concrete"
    },
    {
      "block": "chipped:wired_light_gray_concrete"
    },
    {
      "block": "chipped:striped_light_gray_concrete"
    },
    {
      "block": "chipped:light_gray_concrete_bricks"
    }
  ]
}