{
  "type": "rechiseled:chiseling",
  "overwrite": false,
  "entries": [
    {
      "block": "minecraft:light_blue_concrete"
    },
    {
      "block": "chipped:grid_light_blue_concrete"
    },
    {
      "block": "chipped:reinforced_light_blue_concrete"
    },
    {
      "block": "chipped:rusted_light_blue_concrete"
    },
    {
      "block": "chipped:light_blue_concrete_pillar"
    },
    {
      "block": "chipped:stacked_light_blue_concrete"
    },
    {
      "block": "chipped:stop_light_blue_concrete"
    },
    {
      "block": "chipped:light_blue_concrete_panel"
    },
    {
      "block": "chipped:railed_light_blue_concrete"
    },
    {
      "block": "chipped:light_blue_concrete_bricks"
    },
    {
      "block": "chipped:hazard_light_blue_concrete"
    },
    {
      "block": "chipped:wired_light_blue_concrete"
    },
    {
      "block": "chipped:pegged_light_blue_concrete"
    },
    {
      "block": "chipped:striped_light_blue_concrete"
    },
    {
      "block": "chipped:creeper_light_blue_concrete"
    },
    {
      "block": "chipped:bolted_light_blue_concrete"
    },
    {
      "block": "chipped:light_blue_concrete_tiles"
    },
    {
      "block": "chipped:smooth_light_blue_concrete"
    },
    {
      "block": "chipped:warning_light_blue_concrete"
    },
    {
      "block": "chipped:mosaic_light_blue_concrete"
    },
    {
      "block": "chipped:grill_light_blue_concrete"
    }
  ]
}