{
  "type": "rechiseled:chiseling",
  "overwrite": false,
  "entries": [
    {
      "block": "minecraft:lily_pad"
    },
    {
      "block": "chipped:dark_leaf_lily_pad"
    },
    {
      "block": "chipped:rough_lily_pad"
    },
    {
      "block": "chipped:dark_paddle_lily_pad"
    },
    {
      "block": "chipped:flowering_lily_pad"
    },
    {
      "block": "chipped:light_rough_lily_pad"
    },
    {
      "block": "chipped:dark_broken_lily_pad"
    },
    {
      "block": "chipped:dark_micro_lily_pads"
    },
    {
      "block": "chipped:smol_lily_pad"
    },
    {
      "block": "chipped:micro_lily_pads"
    },
    {
      "block": "chipped:smooth_lily_pad"
    },
    {
      "block": "chipped:broken_lily_pad"
    },
    {
      "block": "chipped:dark_large_lily_pad"
    },
    {
      "block": "chipped:dark_flowering_lily_pad"
    },
    {
      "block": "chipped:dark_smooth_lily_pad"
    },
    {
      "block": "chipped:pacman_lily_pad"
    },
    {
      "block": "chipped:dark_rough_lily_pad"
    },
    {
      "block": "chipped:paddle_lily_pad"
    },
    {
      "block": "chipped:light_leaf_lily_pad"
    },
    {
      "block": "chipped:dark_smol_lily_pad"
    },
    {
      "block": "chipped:large_lily_pad"
    },
    {
      "block": "chipped:leaf_lily_pad"
    },
    {
      "block": "chipped:big_flower_lily_pad"
    }
  ]
}