{
  "type": "rechiseled:chiseling",
  "overwrite": false,
  "entries": [
    {
      "block": "minecraft:lime_carpet"
    },
    {
      "block": "chipped:bundled_lime_carpet"
    },
    {
      "block": "chipped:cross_haired_lime_carpet"
    },
    {
      "block": "chipped:scaled_lime_carpet"
    },
    {
      "block": "chipped:rectangle_lime_carpet"
    },
    {
      "block": "chipped:patched_lime_carpet"
    },
    {
      "block": "chipped:woved_lime_carpet"
    },
    {
      "block": "chipped:crafted_lime_carpet"
    },
    {
      "block": "chipped:blocky_lime_carpet"
    },
    {
      "block": "chipped:ribbled_lime_carpet"
    },
    {
      "block": "chipped:knitted_lime_carpet"
    },
    {
      "block": "chipped:soft_lime_carpet"
    },
    {
      "block": "chipped:tiled_lime_carpet"
    },
    {
      "block": "chipped:cubed_lime_carpet"
    },
    {
      "block": "chipped:windmill_lime_carpet"
    },
    {
      "block": "chipped:wickered_lime_carpet"
    },
    {
      "block": "chipped:harsh_quilted_lime_carpet"
    },
    {
      "block": "chipped:barky_lime_carpet"
    },
    {
      "block": "chipped:stringed_lime_carpet"
    },
    {
      "block": "chipped:tripped_lime_carpet"
    },
    {
      "block": "chipped:cornered_lime_carpet"
    }
  ]
}