{
  "type": "rechiseled:chiseling",
  "overwrite": false,
  "entries": [
    {
      "block": "minecraft:lime_wool"
    },
    {
      "block": "chipped:knitted_lime_wool"
    },
    {
      "block": "chipped:blocky_lime_wool"
    },
    {
      "block": "chipped:rectangle_lime_wool"
    },
    {
      "block": "chipped:soft_lime_wool"
    },
    {
      "block": "chipped:bundled_lime_wool"
    },
    {
      "block": "chipped:woved_lime_wool"
    },
    {
      "block": "chipped:cubed_lime_wool"
    },
    {
      "block": "chipped:cross_haired_lime_wool"
    },
    {
      "block": "chipped:harsh_quilted_lime_wool"
    },
    {
      "block": "chipped:tripped_lime_wool"
    },
    {
      "block": "chipped:cornered_lime_wool"
    },
    {
      "block": "chipped:barky_lime_wool"
    },
    {
      "block": "chipped:tiled_lime_wool"
    },
    {
      "block": "chipped:crafted_lime_wool"
    },
    {
      "block": "chipped:windmill_lime_wool"
    },
    {
      "block": "chipped:wickered_lime_wool"
    },
    {
      "block": "chipped:scaled_lime_wool"
    },
    {
      "block": "chipped:patched_lime_wool"
    },
    {
      "block": "chipped:ribbled_lime_wool"
    },
    {
      "block": "chipped:stringed_lime_wool"
    }
  ]
}