{
  "type": "rechiseled:chiseling",
  "overwrite": false,
  "entries": [
    {
      "block": "minecraft:lime_glazed_terracotta"
    },
    {
      "block": "chipped:decorated_lime_glazed_terracotta"
    },
    {
      "block": "chipped:paved_lime_glazed_terracotta"
    },
    {
      "block": "chipped:shrunken_lime_glazed_terracotta"
    },
    {
      "block": "chipped:lime_glazed_terracotta_pillar_sides"
    },
    {
      "block": "chipped:waved_lime_glazed_terracotta"
    },
    {
      "block": "chipped:starry_lime_glazed_terracotta"
    },
    {
      "block": "chipped:lime_glazed_terracotta_tiles"
    },
    {
      "block": "chipped:lime_glazed_terracotta_pillar_top"
    },
    {
      "block": "chipped:minimized_lime_glazed_terracotta"
    },
    {
      "block": "chipped:hexagonical_lime_glazed_terracotta"
    },
    {
      "block": "chipped:lime_glazed_terracotta_smooth_tiles"
    }
  ]
}