{
  "type": "rechiseled:chiseling",
  "overwrite": false,
  "entries": [
    {
      "block": "minecraft:lime_concrete"
    },
    {
      "block": "chipped:stop_lime_concrete"
    },
    {
      "block": "chipped:lime_concrete_bricks"
    },
    {
      "block": "chipped:rusted_lime_concrete"
    },
    {
      "block": "chipped:pegged_lime_concrete"
    },
    {
      "block": "chipped:warning_lime_concrete"
    },
    {
      "block": "chipped:railed_lime_concrete"
    },
    {
      "block": "chipped:grill_lime_concrete"
    },
    {
      "block": "chipped:lime_concrete_panel"
    },
    {
      "block": "chipped:wired_lime_concrete"
    },
    {
      "block": "chipped:creeper_lime_concrete"
    },
    {
      "block": "chipped:lime_concrete_tiles"
    },
    {
      "block": "chipped:bolted_lime_concrete"
    },
    {
      "block": "chipped:striped_lime_concrete"
    },
    {
      "block": "chipped:smooth_lime_concrete"
    },
    {
      "block": "chipped:reinforced_lime_concrete"
    },
    {
      "block": "chipped:lime_concrete_pillar"
    },
    {
      "block": "chipped:mosaic_lime_concrete"
    },
    {
      "block": "chipped:grid_lime_concrete"
    },
    {
      "block": "chipped:hazard_lime_concrete"
    },
    {
      "block": "chipped:stacked_lime_concrete"
    }
  ]
}