{
  "type": "rechiseled:chiseling",
  "overwrite": false,
  "entries": [
    {
      "block": "minecraft:lime_stained_glass_pane"
    },
    {
      "block": "chipped:ornate_lime_stained_glass_pane"
    },
    {
      "block": "chipped:large_diamond_lime_stained_glass_pane"
    },
    {
      "block": "chipped:woven_lime_stained_glass_pane"
    },
    {
      "block": "chipped:vertical_stiped_lime_stained_glass_pane"
    },
    {
      "block": "chipped:fancy_lime_stained_glass_pane"
    },
    {
      "block": "chipped:tiled_lime_stained_glass_pane"
    },
    {
      "block": "chipped:circular_lime_stained_glass_pane"
    },
    {
      "block": "chipped:arched_lime_stained_glass_pane_pillar"
    },
    {
      "block": "chipped:square_lime_stained_glass_pane"
    },
    {
      "block": "chipped:raster_lime_stained_glass_pane"
    },
    {
      "block": "chipped:small_lime_stained_glass_pane"
    }
  ]
}