{
  "type": "rechiseled:chiseling",
  "overwrite": false,
  "entries": [
    {
      "block": "minecraft:lime_terracotta"
    },
    {
      "block": "chipped:chiseled_lime_terracotta"
    },
    {
      "block": "chipped:starry_lime_terracotta"
    },
    {
      "block": "chipped:lime_terracotta_pillar"
    },
    {
      "block": "chipped:curled_lime_terracotta"
    },
    {
      "block": "chipped:cut_lime_terracotta"
    },
    {
      "block": "chipped:lime_terracotta_bricks"
    },
    {
      "block": "chipped:lime_terracotta_tiles"
    },
    {
      "block": "chipped:small_lime_terracotta_tiles"
    },
    {
      "block": "chipped:circular_lime_terracotta"
    },
    {
      "block": "chipped:hexagonical_lime_terracotta"
    },
    {
      "block": "chipped:crossed_lime_terracotta"
    },
    {
      "block": "chipped:inscribed_lime_terracotta"
    },
    {
      "block": "chipped:layered_lime_terracotta"
    },
    {
      "block": "chipped:lime_terracotta_column"
    },
    {
      "block": "chipped:triangular_lime_terracotta"
    },
    {
      "block": "chipped:decorated_lime_terracotta"
    },
    {
      "block": "chipped:lime_terracotta_tile"
    }
  ]
}