{
  "type": "rechiseled:chiseling",
  "overwrite": false,
  "entries": [
    {
      "block": "minecraft:lodestone"
    },
    {
      "block": "chipped:crying_lodestone"
    },
    {
      "block": "chipped:tiny_lodestone_bricks"
    },
    {
      "block": "chipped:cobbled_lodestone"
    },
    {
      "block": "chipped:cracked_flat_lodestone_tiles"
    },
    {
      "block": "chipped:small_lodestone_bricks"
    },
    {
      "block": "chipped:fine_lodestone_pillar"
    },
    {
      "block": "chipped:sea_lantern_lodestone"
    },
    {
      "block": "chipped:cracked_lodestone_bricks"
    },
    {
      "block": "chipped:inscribed_lodestone"
    },
    {
      "block": "chipped:runic_carved_lodestone"
    },
    {
      "block": "chipped:eroded_lodestone"
    },
    {
      "block": "chipped:sad_lodestone"
    },
    {
      "block": "chipped:watching_lodestone"
    },
    {
      "block": "chipped:rounded_lodestone_bricks"
    },
    {
      "block": "chipped:brick_bordered_lodestone"
    },
    {
      "block": "chipped:layed_lodestone_bricks"
    },
    {
      "block": "chipped:ornate_lodestone_pillar"
    },
    {
      "block": "chipped:weathered_lodestone"
    },
    {
      "block": "chipped:creeper_lodestone_carving"
    },
    {
      "block": "chipped:pillar_lodestone_bricks"
    },
    {
      "block": "chipped:tiled_lodestone"
    },
    {
      "block": "chipped:trodden_lodestone"
    },
    {
      "block": "chipped:stacked_lodestone_bricks"
    },
    {
      "block": "chipped:lodestone_bricks"
    },
    {
      "block": "chipped:tiny_layered_lodestone_bricks"
    },
    {
      "block": "chipped:cracked_disordered_lodestone_bricks"
    },
    {
      "block": "chipped:cut_blank_lodestone"
    },
    {
      "block": "chipped:carved_lodestone"
    },
    {
      "block": "chipped:wider_ring_lodestone"
    },
    {
      "block": "chipped:lodestone_pillar_top"
    },
    {
      "block": "chipped:bordered_lodestone"
    },
    {
      "block": "chipped:tiled_bordered_lodestone"
    },
    {
      "block": "chipped:offset_lodestone_bricks"
    },
    {
      "block": "chipped:vertical_cut_lodestone"
    },
    {
      "block": "chipped:inlayed_lodestone"
    },
    {
      "block": "chipped:prismal_lodestone_remnants"
    },
    {
      "block": "chipped:ring_lodestone_side"
    },
    {
      "block": "chipped:wider_watching_lodestone"
    },
    {
      "block": "chipped:wider_diamond_lodestone"
    },
    {
      "block": "chipped:thick_inlayed_lodestone"
    },
    {
      "block": "chipped:tiny_brick_bordered_lodestone"
    },
    {
      "block": "chipped:cut_lodestone_column"
    },
    {
      "block": "chipped:engraved_lodestone"
    },
    {
      "block": "chipped:tiled_lodestone_column"
    },
    {
      "block": "chipped:etched_lodestone_bricks"
    },
    {
      "block": "chipped:glad_lodestone"
    },
    {
      "block": "chipped:lodestone_pillar"
    },
    {
      "block": "chipped:sanded_lodestone"
    },
    {
      "block": "chipped:lodestone_scales"
    },
    {
      "block": "chipped:massive_lodestone_bricks"
    },
    {
      "block": "chipped:spider_lodestone_carving"
    },
    {
      "block": "chipped:smooth_lodestone_column"
    },
    {
      "block": "chipped:blank_lodestone_side"
    },
    {
      "block": "chipped:diamond_lodestone"
    },
    {
      "block": "chipped:dot_lodestone"
    },
    {
      "block": "chipped:ring_lodestone"
    },
    {
      "block": "chipped:vertical_disordered_lodestone_bricks"
    },
    {
      "block": "chipped:overlapping_lodestone_tiles"
    },
    {
      "block": "chipped:flat_lodestone_tiles"
    },
    {
      "block": "chipped:spiraled_lodestone"
    },
    {
      "block": "chipped:angry_lodestone"
    },
    {
      "block": "chipped:smoothed_double_inlayed_lodestone"
    },
    {
      "block": "chipped:unamused_lodestone"
    },
    {
      "block": "chipped:lodestone_mini_tiles"
    },
    {
      "block": "chipped:simple_lodestone_pillar"
    },
    {
      "block": "chipped:polished_lodestone"
    },
    {
      "block": "chipped:checkered_lodestone_tiles"
    },
    {
      "block": "chipped:blank_lodestone_carving"
    },
    {
      "block": "chipped:curly_lodestone_pillar"
    },
    {
      "block": "chipped:smooth_ringed_lodestone"
    },
    {
      "block": "chipped:duh_lodestone"
    },
    {
      "block": "chipped:edged_lodestone_bricks"
    },
    {
      "block": "chipped:rough_lodestone"
    },
    {
      "block": "chipped:tiny_layered_lodestone_slabs"
    }
  ]
}