{
  "type": "rechiseled:chiseling",
  "overwrite": false,
  "entries": [
    {
      "block": "minecraft:mangrove_log"
    },
    {
      "block": "chipped:overgrown_mangrove_log"
    },
    {
      "block": "chipped:nailed_mangrove_log"
    },
    {
      "block": "chipped:center_cut_mangrove_log"
    },
    {
      "block": "chipped:bundled_mangrove_log"
    },
    {
      "block": "chipped:damaged_mangrove_log"
    },
    {
      "block": "chipped:firewood_mangrove_log"
    },
    {
      "block": "chipped:mixed_mangrove_log"
    },
    {
      "block": "chipped:reinforced_mangrove_log"
    },
    {
      "block": "chipped:planked_mangrove_log"
    },
    {
      "block": "chipped:edge_cut_mangrove_log"
    },
    {
      "block": "chipped:flowering_mangrove_log"
    }
  ]
}