{
  "type": "rechiseled:chiseling",
  "overwrite": false,
  "entries": [
    {
      "block": "minecraft:mangrove_roots"
    },
    {
      "block": "chipped:blue_mangrove_roots"
    },
    {
      "block": "chipped:flowery_mangrove_roots"
    },
    {
      "block": "chipped:muddy_mangrove_roots"
    },
    {
      "block": "chipped:thin_mangrove_roots"
    },
    {
      "block": "chipped:lush_mangrove_roots"
    },
    {
      "block": "chipped:crimson_mangrove_roots"
    },
    {
      "block": "chipped:leafy_mangrove_roots"
    }
  ]
}