{
  "type": "rechiseled:chiseling",
  "overwrite": false,
  "entries": [
    {
      "block": "minecraft:mangrove_planks"
    },
    {
      "block": "chipped:diamond_mangrove_planks"
    },
    {
      "block": "chipped:fine_mangrove_planks"
    },
    {
      "block": "chipped:natural_mangrove_planks"
    },
    {
      "block": "chipped:carved_mangrove_planks"
    },
    {
      "block": "chipped:basket_woven_mangrove_planks"
    },
    {
      "block": "chipped:shifted_mangrove_planks"
    },
    {
      "block": "chipped:shelved_mangrove_planks"
    },
    {
      "block": "chipped:ringed_mangrove_planks"
    },
    {
      "block": "chipped:versailles_mangrove_planks"
    },
    {
      "block": "chipped:slanted_mangrove_planks"
    },
    {
      "block": "chipped:smooth_mangrove_planks"
    },
    {
      "block": "chipped:sided_mangrove_planks"
    },
    {
      "block": "chipped:enclosed_mangrove_planks"
    },
    {
      "block": "chipped:diagonal_mangrove_planks"
    },
    {
      "block": "chipped:thin_mangrove_planks"
    },
    {
      "block": "chipped:polished_mangrove_planks"
    },
    {
      "block": "chipped:detailed_mangrove_planks"
    },
    {
      "block": "chipped:crated_mangrove_planks"
    },
    {
      "block": "chipped:hewn_mangrove_planks"
    },
    {
      "block": "chipped:mangrove_planks_shavings"
    },
    {
      "block": "chipped:railed_mangrove_planks"
    },
    {
      "block": "chipped:cut_mangrove_planks"
    },
    {
      "block": "chipped:bricked_mangrove_planks"
    },
    {
      "block": "chipped:pegged_mangrove_planks"
    },
    {
      "block": "chipped:chiseled_mangrove_planks"
    },
    {
      "block": "chipped:mangrove_planks_mosaic"
    },
    {
      "block": "chipped:stacked_mangrove_planks"
    },
    {
      "block": "chipped:cornered_mangrove_planks"
    },
    {
      "block": "chipped:tiled_mangrove_planks"
    },
    {
      "block": "chipped:boxed_mangrove_planks"
    },
    {
      "block": "chipped:nailed_mangrove_planks"
    },
    {
      "block": "chipped:fine_vertical_mangrove_planks"
    },
    {
      "block": "chipped:framed_mangrove_planks"
    },
    {
      "block": "chipped:laced_mangrove_planks"
    },
    {
      "block": "chipped:vertically_railed_mangrove_planks"
    },
    {
      "block": "chipped:mangrove_planks_panel"
    },
    {
      "block": "chipped:cross_laced_mangrove_planks"
    },
    {
      "block": "chipped:herringbone_mangrove_planks"
    },
    {
      "block": "chipped:bricky_mangrove_planks"
    },
    {
      "block": "chipped:brick_bond_mangrove_planks"
    },
    {
      "block": "chipped:vertical_mangrove_planks"
    },
    {
      "block": "chipped:crossed_mangrove_planks"
    },
    {
      "block": "chipped:double_herringbone_mangrove_planks"
    }
  ]
}