{
  "type": "rechiseled:chiseling",
  "overwrite": false,
  "entries": [
    {
      "block": "minecraft:mangrove_door"
    },
    {
      "block": "chipped:overgrown_mangrove_door"
    },
    {
      "block": "chipped:glass_mangrove_door"
    },
    {
      "block": "chipped:gated_mangrove_door"
    },
    {
      "block": "chipped:supported_mangrove_door"
    },
    {
      "block": "chipped:sliding_mangrove_door"
    },
    {
      "block": "chipped:paper_mangrove_door"
    },
    {
      "block": "chipped:heavy_mangrove_door"
    },
    {
      "block": "chipped:paneled_mangrove_door"
    },
    {
      "block": "chipped:fortified_mangrove_door"
    },
    {
      "block": "chipped:windowed_mangrove_door"
    },
    {
      "block": "chipped:boarded_mangrove_door"
    },
    {
      "block": "chipped:secret_mangrove_door"
    },
    {
      "block": "chipped:dual_paneled_mangrove_door"
    },
    {
      "block": "chipped:tile_windowed_mangrove_door"
    },
    {
      "block": "chipped:pressed_mangrove_door"
    },
    {
      "block": "chipped:barred_mangrove_door"
    },
    {
      "block": "chipped:beach_mangrove_door"
    }
  ]
}