{
  "type": "rechiseled:chiseling",
  "overwrite": false,
  "entries": [
    {
      "block": "minecraft:mangrove_trapdoor"
    },
    {
      "block": "chipped:barred_mangrove_trapdoor"
    },
    {
      "block": "chipped:woven_mangrove_trapdoor"
    },
    {
      "block": "chipped:overgrown_mangrove_trapdoor"
    },
    {
      "block": "chipped:vined_mangrove_trapdoor"
    },
    {
      "block": "chipped:classic_windowed_mangrove_trapdoor"
    },
    {
      "block": "chipped:classic_mangrove_trapdoor"
    },
    {
      "block": "chipped:golden_barred_mangrove_trapdoor"
    },
    {
      "block": "chipped:iron_barred_mangrove_trapdoor"
    },
    {
      "block": "chipped:leafy_mangrove_trapdoor"
    },
    {
      "block": "chipped:cobweb_mangrove_trapdoor"
    },
    {
      "block": "chipped:slotted_mangrove_trapdoor"
    },
    {
      "block": "chipped:airy_mangrove_trapdoor"
    },
    {
      "block": "chipped:twisted_mangrove_trapdoor"
    },
    {
      "block": "chipped:pointless_mangrove_trapdoor"
    },
    {
      "block": "chipped:solid_mangrove_trapdoor"
    },
    {
      "block": "chipped:warted_mangrove_trapdoor"
    },
    {
      "block": "chipped:suspicious_mangrove_trapdoor"
    },
    {
      "block": "chipped:meshed_mangrove_trapdoor"
    },
    {
      "block": "chipped:windowed_mangrove_trapdoor"
    },
    {
      "block": "chipped:checkered_mangrove_trapdoor"
    },
    {
      "block": "chipped:heavy_mangrove_trapdoor"
    }
  ]
}