{
  "type": "rechiseled:chiseling",
  "overwrite": false,
  "entries": [
    {
      "block": "minecraft:melon"
    },
    {
      "block": "chipped:ripe_melon"
    },
    {
      "block": "chipped:sunny_melon"
    },
    {
      "block": "chipped:bright_melon"
    },
    {
      "block": "chipped:swampy_melon"
    },
    {
      "block": "chipped:golden_melon"
    },
    {
      "block": "chipped:dark_melon"
    },
    {
      "block": "chipped:sweet_melon"
    },
    {
      "block": "chipped:tropics_melon"
    },
    {
      "block": "chipped:sticky_melon"
    },
    {
      "block": "chipped:rustic_melon"
    }
  ]
}