{
  "type": "rechiseled:chiseling",
  "overwrite": false,
  "entries": [
    {
      "block": "minecraft:mossy_stone_bricks"
    },
    {
      "block": "chipped:mossy_stone_bricks_pillar"
    },
    {
      "block": "chipped:spider_mossy_stone_bricks_carving"
    },
    {
      "block": "chipped:blank_mossy_stone_bricks_carving"
    },
    {
      "block": "chipped:crying_mossy_stone_bricks"
    },
    {
      "block": "chipped:polished_mossy_stone_bricks"
    },
    {
      "block": "chipped:angry_mossy_stone_bricks"
    },
    {
      "block": "chipped:tiny_brick_bordered_mossy_stone_bricks"
    },
    {
      "block": "chipped:tiny_layered_mossy_stone_bricks_bricks"
    },
    {
      "block": "chipped:simple_mossy_stone_bricks_pillar"
    },
    {
      "block": "chipped:bordered_mossy_stone_bricks"
    },
    {
      "block": "chipped:small_mossy_stone_bricks_bricks"
    },
    {
      "block": "chipped:weathered_mossy_stone_bricks"
    },
    {
      "block": "chipped:unamused_mossy_stone_bricks"
    },
    {
      "block": "chipped:cobbled_mossy_stone_bricks"
    },
    {
      "block": "chipped:etched_mossy_stone_bricks_bricks"
    },
    {
      "block": "chipped:inscribed_mossy_stone_bricks"
    },
    {
      "block": "chipped:stacked_mossy_stone_bricks_bricks"
    },
    {
      "block": "chipped:tiled_mossy_stone_bricks_column"
    },
    {
      "block": "chipped:thick_inlayed_mossy_stone_bricks"
    },
    {
      "block": "chipped:eroded_mossy_stone_bricks"
    },
    {
      "block": "chipped:glad_mossy_stone_bricks"
    },
    {
      "block": "chipped:creeper_mossy_stone_bricks_carving"
    },
    {
      "block": "chipped:spiraled_mossy_stone_bricks"
    },
    {
      "block": "chipped:cut_blank_mossy_stone_bricks"
    },
    {
      "block": "chipped:smooth_ringed_mossy_stone_bricks"
    },
    {
      "block": "chipped:overlapping_mossy_stone_bricks_tiles"
    },
    {
      "block": "chipped:brick_bordered_mossy_stone_bricks"
    },
    {
      "block": "chipped:fine_mossy_stone_bricks_pillar"
    },
    {
      "block": "chipped:edged_mossy_stone_bricks_bricks"
    },
    {
      "block": "chipped:tiny_mossy_stone_bricks_bricks"
    },
    {
      "block": "chipped:cracked_flat_mossy_stone_bricks_tiles"
    },
    {
      "block": "chipped:checkered_mossy_stone_bricks_tiles"
    },
    {
      "block": "chipped:curly_mossy_stone_bricks_pillar"
    },
    {
      "block": "chipped:duh_mossy_stone_bricks"
    },
    {
      "block": "chipped:mossy_stone_bricks_scales"
    },
    {
      "block": "chipped:massive_mossy_stone_bricks_bricks"
    },
    {
      "block": "chipped:pillar_mossy_stone_bricks_bricks"
    },
    {
      "block": "chipped:trodden_mossy_stone_bricks"
    },
    {
      "block": "chipped:mossy_stone_bricks_mini_tiles"
    },
    {
      "block": "chipped:flat_mossy_stone_bricks_tiles"
    },
    {
      "block": "chipped:smooth_inlayed_mossy_stone_bricks"
    },
    {
      "block": "chipped:runic_carved_mossy_stone_bricks"
    },
    {
      "block": "chipped:sanded_mossy_stone_bricks"
    },
    {
      "block": "chipped:layed_mossy_stone_bricks_bricks"
    },
    {
      "block": "chipped:rough_mossy_stone_bricks"
    },
    {
      "block": "chipped:smoothed_double_inlayed_mossy_stone_bricks"
    },
    {
      "block": "chipped:vertical_cut_mossy_stone_bricks"
    },
    {
      "block": "chipped:ornate_mossy_stone_bricks_pillar"
    },
    {
      "block": "chipped:cracked_mossy_stone_bricks_bricks"
    },
    {
      "block": "chipped:tiny_layered_mossy_stone_bricks_slabs"
    },
    {
      "block": "chipped:mossy_stone_bricks_pillar_top"
    },
    {
      "block": "chipped:cracked_disordered_mossy_stone_bricks_bricks"
    },
    {
      "block": "chipped:vertical_disordered_mossy_stone_bricks_bricks"
    },
    {
      "block": "chipped:rounded_mossy_stone_bricks_bricks"
    },
    {
      "block": "chipped:prismal_mossy_stone_bricks_remnants"
    },
    {
      "block": "chipped:offset_mossy_stone_bricks_bricks"
    },
    {
      "block": "chipped:smooth_mossy_stone_bricks_column"
    },
    {
      "block": "chipped:carved_mossy_stone_bricks"
    },
    {
      "block": "chipped:engraved_mossy_stone_bricks"
    },
    {
      "block": "chipped:cut_mossy_stone_bricks_column"
    },
    {
      "block": "chipped:tiled_bordered_mossy_stone_bricks"
    },
    {
      "block": "chipped:tiled_mossy_stone_bricks"
    },
    {
      "block": "chipped:sad_mossy_stone_bricks"
    },
    {
      "block": "chipped:loded_mossy_stone_bricks"
    },
    {
      "block": "chipped:inlayed_mossy_stone_bricks"
    }
  ]
}