{
  "type": "rechiseled:chiseling",
  "overwrite": false,
  "entries": [
    {
      "block": "minecraft:mossy_cobblestone"
    },
    {
      "block": "chipped:prismal_mossy_cobblestone_remnants"
    },
    {
      "block": "chipped:polished_mossy_cobblestone"
    },
    {
      "block": "chipped:runic_carved_mossy_cobblestone"
    },
    {
      "block": "chipped:glad_mossy_cobblestone"
    },
    {
      "block": "chipped:eroded_mossy_cobblestone"
    },
    {
      "block": "chipped:smooth_mossy_cobblestone_column"
    },
    {
      "block": "chipped:cracked_flat_mossy_cobblestone_tiles"
    },
    {
      "block": "chipped:stacked_mossy_cobblestone_bricks"
    },
    {
      "block": "chipped:smoothed_double_inlayed_mossy_cobblestone"
    },
    {
      "block": "chipped:flat_mossy_cobblestone_tiles"
    },
    {
      "block": "chipped:tiled_mossy_cobblestone"
    },
    {
      "block": "chipped:inlayed_mossy_cobblestone"
    },
    {
      "block": "chipped:vertical_cut_mossy_cobblestone"
    },
    {
      "block": "chipped:duh_mossy_cobblestone"
    },
    {
      "block": "chipped:creeper_mossy_cobblestone_carving"
    },
    {
      "block": "chipped:mossy_cobblestone_pillar"
    },
    {
      "block": "chipped:weathered_mossy_cobblestone"
    },
    {
      "block": "chipped:vertical_disordered_mossy_cobblestone_bricks"
    },
    {
      "block": "chipped:cracked_disordered_mossy_cobblestone_bricks"
    },
    {
      "block": "chipped:tiny_layered_mossy_cobblestone_bricks"
    },
    {
      "block": "chipped:mossy_cobblestone_scales"
    },
    {
      "block": "chipped:tiny_layered_mossy_cobblestone_slabs"
    },
    {
      "block": "chipped:layed_mossy_cobblestone_bricks"
    },
    {
      "block": "chipped:rough_mossy_cobblestone"
    },
    {
      "block": "chipped:massive_mossy_cobblestone_bricks"
    },
    {
      "block": "chipped:cobbled_mossy_cobblestone"
    },
    {
      "block": "chipped:cut_mossy_cobblestone_column"
    },
    {
      "block": "chipped:checkered_mossy_cobblestone_tiles"
    },
    {
      "block": "chipped:spiraled_mossy_cobblestone"
    },
    {
      "block": "chipped:tiled_bordered_mossy_cobblestone"
    },
    {
      "block": "chipped:rounded_mossy_cobblestone_bricks"
    },
    {
      "block": "chipped:edged_mossy_cobblestone_bricks"
    },
    {
      "block": "chipped:smooth_ringed_mossy_cobblestone"
    },
    {
      "block": "chipped:pillar_mossy_cobblestone_bricks"
    },
    {
      "block": "chipped:etched_mossy_cobblestone_bricks"
    },
    {
      "block": "chipped:blank_mossy_cobblestone_carving"
    },
    {
      "block": "chipped:tiny_brick_bordered_mossy_cobblestone"
    },
    {
      "block": "chipped:loded_mossy_cobblestone"
    },
    {
      "block": "chipped:fine_mossy_cobblestone_pillar"
    },
    {
      "block": "chipped:sad_mossy_cobblestone"
    },
    {
      "block": "chipped:smooth_inlayed_mossy_cobblestone"
    },
    {
      "block": "chipped:overlapping_mossy_cobblestone_tiles"
    },
    {
      "block": "chipped:angry_mossy_cobblestone"
    },
    {
      "block": "chipped:curly_mossy_cobblestone_pillar"
    },
    {
      "block": "chipped:small_mossy_cobblestone_bricks"
    },
    {
      "block": "chipped:offset_mossy_cobblestone_bricks"
    },
    {
      "block": "chipped:cut_blank_mossy_cobblestone"
    },
    {
      "block": "chipped:simple_mossy_cobblestone_pillar"
    },
    {
      "block": "chipped:mossy_cobblestone_pillar_top"
    },
    {
      "block": "chipped:ornate_mossy_cobblestone_pillar"
    },
    {
      "block": "chipped:unamused_mossy_cobblestone"
    },
    {
      "block": "chipped:thick_inlayed_mossy_cobblestone"
    },
    {
      "block": "chipped:cracked_mossy_cobblestone_bricks"
    },
    {
      "block": "chipped:mossy_cobblestone_mini_tiles"
    },
    {
      "block": "chipped:sanded_mossy_cobblestone"
    },
    {
      "block": "chipped:tiled_mossy_cobblestone_column"
    },
    {
      "block": "chipped:spider_mossy_cobblestone_carving"
    },
    {
      "block": "chipped:brick_bordered_mossy_cobblestone"
    },
    {
      "block": "chipped:bordered_mossy_cobblestone"
    },
    {
      "block": "chipped:engraved_mossy_cobblestone"
    },
    {
      "block": "chipped:inscribed_mossy_cobblestone"
    },
    {
      "block": "chipped:tiny_mossy_cobblestone_bricks"
    },
    {
      "block": "chipped:crying_mossy_cobblestone"
    },
    {
      "block": "chipped:carved_mossy_cobblestone"
    },
    {
      "block": "chipped:mossy_cobblestone_bricks"
    },
    {
      "block": "chipped:trodden_mossy_cobblestone"
    }
  ]
}