{
  "type": "rechiseled:chiseling",
  "overwrite": false,
  "entries": [
    {
      "block": "minecraft:mud"
    },
    {
      "block": "chipped:mud_pillar"
    },
    {
      "block": "chipped:centered_mud"
    },
    {
      "block": "chipped:keyhole_mud"
    },
    {
      "block": "chipped:spiral_mud"
    },
    {
      "block": "chipped:mini_tiled_mud"
    },
    {
      "block": "chipped:vertical_cut_mud"
    },
    {
      "block": "chipped:massive_mud_bricks"
    },
    {
      "block": "chipped:button_mud"
    },
    {
      "block": "chipped:leaning_mud"
    },
    {
      "block": "chipped:vertical_disordered_mud_bricks"
    },
    {
      "block": "chipped:fancy_mud_pillar"
    },
    {
      "block": "chipped:mud_bricks"
    },
    {
      "block": "chipped:bordered_mud"
    },
    {
      "block": "chipped:crunched_mud_bricks"
    },
    {
      "block": "chipped:prismal_mud_remnants"
    },
    {
      "block": "chipped:chiseled_mud"
    },
    {
      "block": "chipped:panelled_mud"
    },
    {
      "block": "chipped:hard_mud"
    },
    {
      "block": "chipped:crying_mud"
    },
    {
      "block": "chipped:small_mud_bricks"
    },
    {
      "block": "chipped:double_mud_bricks"
    },
    {
      "block": "chipped:tiled_mud_column"
    },
    {
      "block": "chipped:tiled_mud_bricks"
    },
    {
      "block": "chipped:mud_pillar_top"
    },
    {
      "block": "chipped:diamond_mud_bricks"
    },
    {
      "block": "chipped:curly_mud_pillar"
    },
    {
      "block": "chipped:rough_mud"
    },
    {
      "block": "chipped:large_mud_sigil"
    },
    {
      "block": "chipped:star_mud"
    },
    {
      "block": "chipped:large_tiled_mud"
    },
    {
      "block": "chipped:sigil_mud"
    },
    {
      "block": "chipped:carved_mud_pillar"
    },
    {
      "block": "chipped:inlayed_mud"
    },
    {
      "block": "chipped:smooth_mud"
    },
    {
      "block": "chipped:symbol_mud"
    },
    {
      "block": "chipped:ornate_mud_pillar"
    },
    {
      "block": "chipped:tiled_bordered_mud"
    },
    {
      "block": "chipped:smooth_ringed_mud"
    },
    {
      "block": "chipped:etched_mud_bricks"
    },
    {
      "block": "chipped:creeper_mud_carving"
    },
    {
      "block": "chipped:symbolic_mud_pillar"
    },
    {
      "block": "chipped:angled_mud_bricks"
    },
    {
      "block": "chipped:angry_mud"
    },
    {
      "block": "chipped:carved_mud"
    },
    {
      "block": "chipped:stacked_mud_bricks"
    },
    {
      "block": "chipped:scaly_mud"
    },
    {
      "block": "chipped:rough_panelled_mud"
    },
    {
      "block": "chipped:placed_mud"
    },
    {
      "block": "chipped:rune_mud"
    },
    {
      "block": "chipped:unamused_mud"
    },
    {
      "block": "chipped:glad_mud"
    },
    {
      "block": "chipped:duh_mud"
    },
    {
      "block": "chipped:fine_mud_pillar"
    },
    {
      "block": "chipped:heart_mud"
    },
    {
      "block": "chipped:engraved_mud"
    },
    {
      "block": "chipped:horned_mud"
    },
    {
      "block": "chipped:arrow_mud"
    },
    {
      "block": "chipped:tiny_mud_bricks"
    },
    {
      "block": "chipped:cut_blank_mud"
    },
    {
      "block": "chipped:cracked_mud_bricks"
    },
    {
      "block": "chipped:eye_mud"
    },
    {
      "block": "chipped:pancake_mud"
    },
    {
      "block": "chipped:offset_mud_bricks"
    },
    {
      "block": "chipped:polished_mud"
    },
    {
      "block": "chipped:simple_mud_pillar"
    },
    {
      "block": "chipped:tiny_layered_mud_bricks"
    },
    {
      "block": "chipped:overlapping_mud_tiles"
    },
    {
      "block": "chipped:fancy_chiseled_mud"
    },
    {
      "block": "chipped:smoothed_double_inlayed_mud"
    },
    {
      "block": "chipped:fancy_mud"
    },
    {
      "block": "chipped:quad_mud"
    },
    {
      "block": "chipped:loreful_mud"
    },
    {
      "block": "chipped:brick_bordered_mud"
    },
    {
      "block": "chipped:sad_mud"
    },
    {
      "block": "chipped:thick_inlayed_mud"
    },
    {
      "block": "chipped:edged_mud_bricks"
    },
    {
      "block": "chipped:spider_mud_carving"
    },
    {
      "block": "chipped:mud_scales"
    }
  ]
}