{
  "type": "rechiseled:chiseling",
  "overwrite": false,
  "entries": [
    {
      "block": "minecraft:mud_bricks"
    },
    {
      "block": "chipped:button_mud_bricks"
    },
    {
      "block": "chipped:smooth_mud_bricks"
    },
    {
      "block": "chipped:crying_mud_bricks"
    },
    {
      "block": "chipped:heart_mud_bricks"
    },
    {
      "block": "chipped:massive_mud_bricks_bricks"
    },
    {
      "block": "chipped:sigil_mud_bricks"
    },
    {
      "block": "chipped:star_mud_bricks"
    },
    {
      "block": "chipped:crunched_mud_bricks_bricks"
    },
    {
      "block": "chipped:glad_mud_bricks"
    },
    {
      "block": "chipped:inlayed_mud_bricks"
    },
    {
      "block": "chipped:bordered_mud_bricks"
    },
    {
      "block": "chipped:smoothed_double_inlayed_mud_bricks"
    },
    {
      "block": "chipped:simple_mud_bricks_pillar"
    },
    {
      "block": "chipped:rune_mud_bricks"
    },
    {
      "block": "chipped:rough_mud_bricks"
    },
    {
      "block": "chipped:polished_mud_bricks"
    },
    {
      "block": "chipped:eye_mud_bricks"
    },
    {
      "block": "chipped:mud_bricks_bricks"
    },
    {
      "block": "chipped:symbolic_mud_bricks_pillar"
    },
    {
      "block": "chipped:curly_mud_bricks_pillar"
    },
    {
      "block": "chipped:fancy_mud_bricks"
    },
    {
      "block": "chipped:engraved_mud_bricks"
    },
    {
      "block": "chipped:edged_mud_bricks_bricks"
    },
    {
      "block": "chipped:loreful_mud_bricks"
    },
    {
      "block": "chipped:angry_mud_bricks"
    },
    {
      "block": "chipped:creeper_mud_bricks_carving"
    },
    {
      "block": "chipped:horned_mud_bricks"
    },
    {
      "block": "chipped:etched_mud_bricks_bricks"
    },
    {
      "block": "chipped:angled_mud_bricks_bricks"
    },
    {
      "block": "chipped:double_mud_bricks_bricks"
    },
    {
      "block": "chipped:rough_panelled_mud_bricks"
    },
    {
      "block": "chipped:vertical_cut_mud_bricks"
    },
    {
      "block": "chipped:arrow_mud_bricks"
    },
    {
      "block": "chipped:carved_mud_bricks"
    },
    {
      "block": "chipped:fine_mud_bricks_pillar"
    },
    {
      "block": "chipped:fancy_mud_bricks_pillar"
    },
    {
      "block": "chipped:tiled_bordered_mud_bricks"
    },
    {
      "block": "chipped:smooth_ringed_mud_bricks"
    },
    {
      "block": "chipped:cut_blank_mud_bricks"
    },
    {
      "block": "chipped:hard_mud_bricks"
    },
    {
      "block": "chipped:duh_mud_bricks"
    },
    {
      "block": "chipped:diamond_mud_bricks_bricks"
    },
    {
      "block": "chipped:quad_mud_bricks"
    },
    {
      "block": "chipped:large_tiled_mud_bricks"
    },
    {
      "block": "chipped:thick_inlayed_mud_bricks"
    },
    {
      "block": "chipped:large_mud_bricks_sigil"
    },
    {
      "block": "chipped:panelled_mud_bricks"
    },
    {
      "block": "chipped:spider_mud_bricks_carving"
    },
    {
      "block": "chipped:symbol_mud_bricks"
    },
    {
      "block": "chipped:mini_tiled_mud_bricks"
    },
    {
      "block": "chipped:cracked_mud_bricks_bricks"
    },
    {
      "block": "chipped:placed_mud_bricks"
    },
    {
      "block": "chipped:chiseled_mud_bricks"
    },
    {
      "block": "chipped:tiled_mud_bricks_column"
    },
    {
      "block": "chipped:mud_bricks_scales"
    },
    {
      "block": "chipped:spiral_mud_bricks"
    },
    {
      "block": "chipped:overlapping_mud_bricks_tiles"
    },
    {
      "block": "chipped:stacked_mud_bricks_bricks"
    },
    {
      "block": "chipped:keyhole_mud_bricks"
    },
    {
      "block": "chipped:sad_mud_bricks"
    },
    {
      "block": "chipped:brick_bordered_mud_bricks"
    },
    {
      "block": "chipped:pancake_mud_bricks"
    },
    {
      "block": "chipped:centered_mud_bricks"
    },
    {
      "block": "chipped:mud_bricks_pillar_top"
    },
    {
      "block": "chipped:unamused_mud_bricks"
    },
    {
      "block": "chipped:prismal_mud_bricks_remnants"
    },
    {
      "block": "chipped:scaly_mud_bricks"
    },
    {
      "block": "chipped:vertical_disordered_mud_bricks_bricks"
    },
    {
      "block": "chipped:mud_bricks_pillar"
    },
    {
      "block": "chipped:fancy_chiseled_mud_bricks"
    },
    {
      "block": "chipped:leaning_mud_bricks"
    },
    {
      "block": "chipped:small_mud_bricks_bricks"
    },
    {
      "block": "chipped:tiled_mud_bricks_bricks"
    },
    {
      "block": "chipped:offset_mud_bricks_bricks"
    },
    {
      "block": "chipped:carved_mud_bricks_pillar"
    },
    {
      "block": "chipped:ornate_mud_bricks_pillar"
    },
    {
      "block": "chipped:tiny_mud_bricks_bricks"
    },
    {
      "block": "chipped:tiny_layered_mud_bricks_bricks"
    }
  ]
}