{
  "type": "rechiseled:chiseling",
  "overwrite": false,
  "entries": [
    {
      "block": "minecraft:mushroom_stem"
    },
    {
      "block": "chipped:poisonous_mushroom_stem"
    },
    {
      "block": "chipped:grimy_mushroom_stem"
    },
    {
      "block": "chipped:blooming_mushroom_stem"
    },
    {
      "block": "chipped:old_mushroom_stem"
    },
    {
      "block": "chipped:broken_mushroom_stem"
    },
    {
      "block": "chipped:smooth_mushroom_stem"
    },
    {
      "block": "chipped:warm_mushroom_stem"
    }
  ]
}