{
  "type": "rechiseled:chiseling",
  "overwrite": false,
  "entries": [
    {
      "block": "minecraft:netherrack"
    },
    {
      "block": "chipped:netherrack_pillar_top"
    },
    {
      "block": "chipped:vertical_disordered_netherrack_bricks"
    },
    {
      "block": "chipped:unamused_netherrack"
    },
    {
      "block": "chipped:vertical_cut_netherrack"
    },
    {
      "block": "chipped:rounded_netherrack_bricks"
    },
    {
      "block": "chipped:smoothed_double_inlayed_netherrack"
    },
    {
      "block": "chipped:offset_netherrack_bricks"
    },
    {
      "block": "chipped:tiny_netherrack_bricks"
    },
    {
      "block": "chipped:tiled_bordered_netherrack"
    },
    {
      "block": "chipped:carved_netherrack"
    },
    {
      "block": "chipped:angry_netherrack"
    },
    {
      "block": "chipped:tiny_layered_netherrack_slabs"
    },
    {
      "block": "chipped:massive_netherrack_bricks"
    },
    {
      "block": "chipped:thick_inlayed_netherrack"
    },
    {
      "block": "chipped:smooth_ringed_netherrack"
    },
    {
      "block": "chipped:tiny_brick_bordered_netherrack"
    },
    {
      "block": "chipped:cut_netherrack_column"
    },
    {
      "block": "chipped:blank_netherrack_carving"
    },
    {
      "block": "chipped:smooth_inlayed_netherrack"
    },
    {
      "block": "chipped:fine_netherrack_pillar"
    },
    {
      "block": "chipped:prismal_netherrack_remnants"
    },
    {
      "block": "chipped:flat_netherrack_tiles"
    },
    {
      "block": "chipped:tiny_layered_netherrack_bricks"
    },
    {
      "block": "chipped:glad_netherrack"
    },
    {
      "block": "chipped:curly_netherrack_pillar"
    },
    {
      "block": "chipped:runic_carved_netherrack"
    },
    {
      "block": "chipped:rough_netherrack"
    },
    {
      "block": "chipped:checkered_netherrack_tiles"
    },
    {
      "block": "chipped:tiled_netherrack_column"
    },
    {
      "block": "chipped:netherrack_scales"
    },
    {
      "block": "chipped:spiraled_netherrack"
    },
    {
      "block": "chipped:cobbled_netherrack"
    },
    {
      "block": "chipped:cut_blank_netherrack"
    },
    {
      "block": "chipped:weathered_netherrack"
    },
    {
      "block": "chipped:cracked_netherrack_bricks"
    },
    {
      "block": "chipped:creeper_netherrack_carving"
    },
    {
      "block": "chipped:loded_netherrack"
    },
    {
      "block": "chipped:smooth_netherrack_column"
    },
    {
      "block": "chipped:polished_netherrack"
    },
    {
      "block": "chipped:pillar_netherrack_bricks"
    },
    {
      "block": "chipped:engraved_netherrack"
    },
    {
      "block": "chipped:tiled_netherrack"
    },
    {
      "block": "chipped:cracked_flat_netherrack_tiles"
    },
    {
      "block": "chipped:edged_netherrack_bricks"
    },
    {
      "block": "chipped:overlapping_netherrack_tiles"
    },
    {
      "block": "chipped:brick_bordered_netherrack"
    },
    {
      "block": "chipped:crying_netherrack"
    },
    {
      "block": "chipped:bordered_netherrack"
    },
    {
      "block": "chipped:small_netherrack_bricks"
    },
    {
      "block": "chipped:eroded_netherrack"
    },
    {
      "block": "chipped:netherrack_bricks"
    },
    {
      "block": "chipped:etched_netherrack_bricks"
    },
    {
      "block": "chipped:sad_netherrack"
    },
    {
      "block": "chipped:layed_netherrack_bricks"
    },
    {
      "block": "chipped:inscribed_netherrack"
    },
    {
      "block": "chipped:simple_netherrack_pillar"
    },
    {
      "block": "chipped:spider_netherrack_carving"
    },
    {
      "block": "chipped:cracked_disordered_netherrack_bricks"
    },
    {
      "block": "chipped:ornate_netherrack_pillar"
    },
    {
      "block": "chipped:sanded_netherrack"
    },
    {
      "block": "chipped:trodden_netherrack"
    },
    {
      "block": "chipped:stacked_netherrack_bricks"
    },
    {
      "block": "chipped:netherrack_mini_tiles"
    },
    {
      "block": "chipped:inlayed_netherrack"
    },
    {
      "block": "chipped:duh_netherrack"
    },
    {
      "block": "chipped:netherrack_pillar"
    }
  ]
}