{
  "type": "rechiseled:chiseling",
  "overwrite": false,
  "entries": [
    {
      "block": "minecraft:nether_bricks"
    },
    {
      "block": "chipped:rough_nether_bricks"
    },
    {
      "block": "chipped:inscribed_nether_bricks"
    },
    {
      "block": "chipped:trodden_nether_bricks"
    },
    {
      "block": "chipped:fine_nether_bricks_pillar"
    },
    {
      "block": "chipped:flat_nether_bricks_tiles"
    },
    {
      "block": "chipped:tiny_layered_nether_bricks_bricks"
    },
    {
      "block": "chipped:nether_bricks_pillar"
    },
    {
      "block": "chipped:smoothed_double_inlayed_nether_bricks"
    },
    {
      "block": "chipped:nether_bricks_scales"
    },
    {
      "block": "chipped:eroded_nether_bricks"
    },
    {
      "block": "chipped:carved_nether_bricks"
    },
    {
      "block": "chipped:polished_nether_bricks"
    },
    {
      "block": "chipped:nether_bricks_bricks"
    },
    {
      "block": "chipped:ornate_nether_bricks_pillar"
    },
    {
      "block": "chipped:tiny_layered_nether_bricks_slabs"
    },
    {
      "block": "chipped:sanded_nether_bricks"
    },
    {
      "block": "chipped:simple_nether_bricks_pillar"
    },
    {
      "block": "chipped:nether_bricks_mini_tiles"
    },
    {
      "block": "chipped:cracked_disordered_nether_bricks_bricks"
    },
    {
      "block": "chipped:rounded_nether_bricks_bricks"
    },
    {
      "block": "chipped:cobbled_nether_bricks"
    },
    {
      "block": "chipped:inlayed_nether_bricks"
    },
    {
      "block": "chipped:tiny_brick_bordered_nether_bricks"
    },
    {
      "block": "chipped:blank_nether_bricks_carving"
    },
    {
      "block": "chipped:checkered_nether_bricks_tiles"
    },
    {
      "block": "chipped:layed_nether_bricks_bricks"
    },
    {
      "block": "chipped:smooth_inlayed_nether_bricks"
    },
    {
      "block": "chipped:engraved_nether_bricks"
    },
    {
      "block": "chipped:spiraled_nether_bricks"
    },
    {
      "block": "chipped:loded_nether_bricks"
    },
    {
      "block": "chipped:weathered_nether_bricks"
    },
    {
      "block": "chipped:cracked_flat_nether_bricks_tiles"
    },
    {
      "block": "chipped:vertical_cut_nether_bricks"
    },
    {
      "block": "chipped:prismal_nether_bricks_remnants"
    },
    {
      "block": "chipped:massive_nether_bricks_bricks"
    },
    {
      "block": "chipped:bordered_nether_bricks"
    },
    {
      "block": "chipped:nether_bricks_pillar_top"
    },
    {
      "block": "chipped:duh_nether_bricks"
    },
    {
      "block": "chipped:creeper_nether_bricks_carving"
    },
    {
      "block": "chipped:angry_nether_bricks"
    },
    {
      "block": "chipped:vertical_disordered_nether_bricks_bricks"
    },
    {
      "block": "chipped:overlapping_nether_bricks_tiles"
    },
    {
      "block": "chipped:small_nether_bricks_bricks"
    },
    {
      "block": "chipped:smooth_ringed_nether_bricks"
    },
    {
      "block": "chipped:tiled_bordered_nether_bricks"
    },
    {
      "block": "chipped:cut_blank_nether_bricks"
    },
    {
      "block": "chipped:crying_nether_bricks"
    },
    {
      "block": "chipped:curly_nether_bricks_pillar"
    },
    {
      "block": "chipped:smooth_nether_bricks_column"
    },
    {
      "block": "chipped:cut_nether_bricks_column"
    },
    {
      "block": "chipped:sad_nether_bricks"
    },
    {
      "block": "chipped:brick_bordered_nether_bricks"
    },
    {
      "block": "chipped:glad_nether_bricks"
    },
    {
      "block": "chipped:pillar_nether_bricks_bricks"
    },
    {
      "block": "chipped:tiny_nether_bricks_bricks"
    },
    {
      "block": "chipped:edged_nether_bricks_bricks"
    },
    {
      "block": "chipped:offset_nether_bricks_bricks"
    },
    {
      "block": "chipped:tiled_nether_bricks"
    },
    {
      "block": "chipped:tiled_nether_bricks_column"
    },
    {
      "block": "chipped:cracked_nether_bricks_bricks"
    },
    {
      "block": "chipped:thick_inlayed_nether_bricks"
    },
    {
      "block": "chipped:unamused_nether_bricks"
    },
    {
      "block": "chipped:spider_nether_bricks_carving"
    },
    {
      "block": "chipped:stacked_nether_bricks_bricks"
    },
    {
      "block": "chipped:runic_carved_nether_bricks"
    },
    {
      "block": "chipped:etched_nether_bricks_bricks"
    }
  ]
}