{
  "type": "rechiseled:chiseling",
  "overwrite": false,
  "entries": [
    {
      "block": "minecraft:nether_sprouts"
    },
    {
      "block": "chipped:flimsy_nether_sprouts"
    },
    {
      "block": "chipped:large_nether_sprouts"
    },
    {
      "block": "chipped:bolby_nether_sprouts"
    },
    {
      "block": "chipped:warty_nether_sprouts"
    },
    {
      "block": "chipped:corny_nether_sprouts"
    },
    {
      "block": "chipped:short_nether_sprouts"
    },
    {
      "block": "chipped:wide_nether_sprouts"
    },
    {
      "block": "chipped:thin_nether_sprouts"
    },
    {
      "block": "chipped:grizly_nether_sprouts"
    },
    {
      "block": "chipped:bushy_nether_sprouts"
    },
    {
      "block": "chipped:seeded_nether_sprouts"
    },
    {
      "block": "chipped:crusted_nether_sprouts"
    },
    {
      "block": "chipped:nether_sprouts_weeds"
    },
    {
      "block": "chipped:shroomy_nether_sprouts"
    },
    {
      "block": "chipped:creeping_nether_sprouts"
    },
    {
      "block": "chipped:fired_nether_sprouts"
    },
    {
      "block": "chipped:corrupted_nether_sprouts"
    },
    {
      "block": "chipped:tall_shroomy_nether_sprouts"
    },
    {
      "block": "chipped:tubed_nether_sprouts"
    },
    {
      "block": "chipped:high_nether_sprouts"
    }
  ]
}