{
  "type": "rechiseled:chiseling",
  "overwrite": false,
  "entries": [
    {
      "block": "minecraft:oak_leaves"
    },
    {
      "block": "chipped:golden_oak_leaves"
    },
    {
      "block": "chipped:orange_oak_leaves"
    },
    {
      "block": "chipped:cherry_oak_leaves"
    },
    {
      "block": "chipped:golden_cherry_oak_leaves"
    },
    {
      "block": "chipped:red_oak_leaves"
    },
    {
      "block": "chipped:white_flower_oak_leaves"
    },
    {
      "block": "chipped:golden_apple_oak_leaves"
    },
    {
      "block": "chipped:frosted_oak_leaves"
    },
    {
      "block": "chipped:magenta_flower_oak_leaves"
    },
    {
      "block": "chipped:dead_oak_leaves"
    },
    {
      "block": "chipped:apple_oak_leaves"
    }
  ]
}