{
  "type": "rechiseled:chiseling",
  "overwrite": false,
  "entries": [
    {
      "block": "minecraft:oak_log"
    },
    {
      "block": "chipped:center_cut_oak_log"
    },
    {
      "block": "chipped:overgrown_oak_log"
    },
    {
      "block": "chipped:nailed_oak_log"
    },
    {
      "block": "chipped:edge_cut_oak_log"
    },
    {
      "block": "chipped:mixed_oak_log"
    },
    {
      "block": "chipped:reinforced_oak_log"
    },
    {
      "block": "chipped:damaged_oak_log"
    },
    {
      "block": "chipped:firewood_oak_log"
    },
    {
      "block": "chipped:bundled_oak_log"
    },
    {
      "block": "chipped:flowering_oak_log"
    },
    {
      "block": "chipped:planked_oak_log"
    }
  ]
}