{
  "type": "rechiseled:chiseling",
  "overwrite": false,
  "entries": [
    {
      "block": "minecraft:oak_trapdoor"
    },
    {
      "block": "chipped:twisted_oak_trapdoor"
    },
    {
      "block": "chipped:pointless_oak_trapdoor"
    },
    {
      "block": "chipped:classic_windowed_oak_trapdoor"
    },
    {
      "block": "chipped:checkered_oak_trapdoor"
    },
    {
      "block": "chipped:woven_oak_trapdoor"
    },
    {
      "block": "chipped:heavy_oak_trapdoor"
    },
    {
      "block": "chipped:vined_oak_trapdoor"
    },
    {
      "block": "chipped:solid_oak_trapdoor"
    },
    {
      "block": "chipped:warted_oak_trapdoor"
    },
    {
      "block": "chipped:cobweb_oak_trapdoor"
    },
    {
      "block": "chipped:distorted_oak_trapdoor"
    },
    {
      "block": "chipped:iron_barred_oak_trapdoor"
    },
    {
      "block": "chipped:suspicious_oak_trapdoor"
    },
    {
      "block": "chipped:overgrown_oak_trapdoor"
    },
    {
      "block": "chipped:airy_oak_trapdoor"
    },
    {
      "block": "chipped:windowed_oak_trapdoor"
    },
    {
      "block": "chipped:golden_barred_oak_trapdoor"
    },
    {
      "block": "chipped:barred_oak_trapdoor"
    },
    {
      "block": "chipped:fancy_oak_trapdoor"
    },
    {
      "block": "chipped:leafy_oak_trapdoor"
    },
    {
      "block": "chipped:meshed_oak_trapdoor"
    },
    {
      "block": "chipped:slotted_oak_trapdoor"
    }
  ]
}