{
  "type": "rechiseled:chiseling",
  "overwrite": false,
  "entries": [
    {
      "block": "minecraft:oak_planks"
    },
    {
      "block": "chipped:bricky_oak_planks"
    },
    {
      "block": "chipped:versailles_oak_planks"
    },
    {
      "block": "chipped:whirlwind_oak_planks"
    },
    {
      "block": "chipped:oak_planks_panel"
    },
    {
      "block": "chipped:herringbone_oak_planks"
    },
    {
      "block": "chipped:detailed_oak_planks"
    },
    {
      "block": "chipped:slanted_oak_planks"
    },
    {
      "block": "chipped:fine_vertical_oak_planks"
    },
    {
      "block": "chipped:enclosed_oak_planks"
    },
    {
      "block": "chipped:laced_oak_planks"
    },
    {
      "block": "chipped:nailed_oak_planks"
    },
    {
      "block": "chipped:smooth_oak_planks"
    },
    {
      "block": "chipped:oak_planks_shavings"
    },
    {
      "block": "chipped:basket_woven_oak_planks"
    },
    {
      "block": "chipped:wickered_oak_planks"
    },
    {
      "block": "chipped:pegged_oak_planks"
    },
    {
      "block": "chipped:fine_oak_planks"
    },
    {
      "block": "chipped:diamond_oak_planks"
    },
    {
      "block": "chipped:tiled_oak_planks"
    },
    {
      "block": "chipped:polished_oak_planks"
    },
    {
      "block": "chipped:thin_oak_planks"
    },
    {
      "block": "chipped:stacked_oak_planks"
    },
    {
      "block": "chipped:cross_laced_oak_planks"
    },
    {
      "block": "chipped:framed_oak_planks"
    },
    {
      "block": "chipped:hewn_oak_planks"
    },
    {
      "block": "chipped:shifted_oak_planks"
    },
    {
      "block": "chipped:diagonal_oak_planks"
    },
    {
      "block": "chipped:crated_oak_planks"
    },
    {
      "block": "chipped:vertically_railed_oak_planks"
    },
    {
      "block": "chipped:railed_oak_planks"
    },
    {
      "block": "chipped:cornered_oak_planks"
    },
    {
      "block": "chipped:oak_planks_mosaic"
    },
    {
      "block": "chipped:vertical_oak_planks"
    },
    {
      "block": "chipped:double_herringbone_oak_planks"
    },
    {
      "block": "chipped:brick_bond_oak_planks"
    },
    {
      "block": "chipped:natural_oak_planks"
    },
    {
      "block": "chipped:crossed_oak_planks"
    },
    {
      "block": "chipped:boxed_oak_planks"
    }
  ]
}