{
  "type": "rechiseled:chiseling",
  "overwrite": false,
  "entries": [
    {
      "block": "minecraft:oak_door"
    },
    {
      "block": "chipped:heavy_oak_door"
    },
    {
      "block": "chipped:supported_oak_door"
    },
    {
      "block": "chipped:barred_oak_door"
    },
    {
      "block": "chipped:paper_oak_door"
    },
    {
      "block": "chipped:screen_oak_door"
    },
    {
      "block": "chipped:tile_windowed_oak_door"
    },
    {
      "block": "chipped:pressed_oak_door"
    },
    {
      "block": "chipped:overgrown_oak_door"
    },
    {
      "block": "chipped:boarded_oak_door"
    },
    {
      "block": "chipped:sliding_oak_door"
    },
    {
      "block": "chipped:dual_paneled_oak_door"
    },
    {
      "block": "chipped:beach_oak_door"
    },
    {
      "block": "chipped:shack_oak_door"
    },
    {
      "block": "chipped:fortified_oak_door"
    },
    {
      "block": "chipped:secret_oak_door"
    },
    {
      "block": "chipped:tiled_oak_door"
    },
    {
      "block": "chipped:gated_oak_door"
    },
    {
      "block": "chipped:windowed_oak_door"
    },
    {
      "block": "chipped:glass_oak_door"
    },
    {
      "block": "chipped:paneled_oak_door"
    }
  ]
}