{
  "type": "rechiseled:chiseling",
  "overwrite": false,
  "entries": [
    {
      "block": "minecraft:obsidian"
    },
    {
      "block": "chipped:obsidian_bricks"
    },
    {
      "block": "chipped:engraved_obsidian"
    },
    {
      "block": "chipped:cracked_obsidian_bricks"
    },
    {
      "block": "chipped:duh_obsidian"
    },
    {
      "block": "chipped:overlapping_obsidian_tiles"
    },
    {
      "block": "chipped:sanded_obsidian"
    },
    {
      "block": "chipped:small_obsidian_bricks"
    },
    {
      "block": "chipped:flat_obsidian_tiles"
    },
    {
      "block": "chipped:inscribed_obsidian"
    },
    {
      "block": "chipped:runic_carved_obsidian"
    },
    {
      "block": "chipped:vertical_disordered_obsidian_bricks"
    },
    {
      "block": "chipped:rounded_obsidian_bricks"
    },
    {
      "block": "chipped:tiled_obsidian"
    },
    {
      "block": "chipped:trodden_obsidian"
    },
    {
      "block": "chipped:obsidian_pillar_top"
    },
    {
      "block": "chipped:obsidian_scales"
    },
    {
      "block": "chipped:fine_obsidian_pillar"
    },
    {
      "block": "chipped:eroded_obsidian"
    },
    {
      "block": "chipped:edged_obsidian_bricks"
    },
    {
      "block": "chipped:simple_obsidian_pillar"
    },
    {
      "block": "chipped:cut_blank_obsidian"
    },
    {
      "block": "chipped:smooth_ringed_obsidian"
    },
    {
      "block": "chipped:massive_obsidian_bricks"
    },
    {
      "block": "chipped:stacked_obsidian_bricks"
    },
    {
      "block": "chipped:checkered_obsidian_tiles"
    },
    {
      "block": "chipped:loded_obsidian"
    },
    {
      "block": "chipped:curly_obsidian_pillar"
    },
    {
      "block": "chipped:carved_obsidian"
    },
    {
      "block": "chipped:rough_obsidian"
    },
    {
      "block": "chipped:cobbled_obsidian"
    },
    {
      "block": "chipped:spiraled_obsidian"
    },
    {
      "block": "chipped:weathered_obsidian"
    },
    {
      "block": "chipped:glad_obsidian"
    },
    {
      "block": "chipped:polished_obsidian"
    },
    {
      "block": "chipped:inlayed_obsidian"
    },
    {
      "block": "chipped:angry_obsidian"
    },
    {
      "block": "chipped:tiny_brick_bordered_obsidian"
    },
    {
      "block": "chipped:crying_obsidian"
    },
    {
      "block": "chipped:tiny_obsidian_bricks"
    },
    {
      "block": "chipped:smoothed_double_inlayed_obsidian"
    },
    {
      "block": "chipped:bordered_obsidian"
    },
    {
      "block": "chipped:tiny_layered_obsidian_slabs"
    },
    {
      "block": "chipped:vertical_cut_obsidian"
    },
    {
      "block": "chipped:layed_obsidian_bricks"
    },
    {
      "block": "chipped:creeper_obsidian_carving"
    },
    {
      "block": "chipped:smooth_inlayed_obsidian"
    },
    {
      "block": "chipped:ornate_obsidian_pillar"
    },
    {
      "block": "chipped:tiny_layered_obsidian_bricks"
    },
    {
      "block": "chipped:etched_obsidian_bricks"
    },
    {
      "block": "chipped:offset_obsidian_bricks"
    },
    {
      "block": "chipped:tiled_obsidian_column"
    },
    {
      "block": "chipped:thick_inlayed_obsidian"
    },
    {
      "block": "chipped:brick_bordered_obsidian"
    },
    {
      "block": "chipped:pillar_obsidian_bricks"
    },
    {
      "block": "chipped:cracked_disordered_obsidian_bricks"
    },
    {
      "block": "chipped:tiled_bordered_obsidian"
    },
    {
      "block": "chipped:sad_obsidian"
    },
    {
      "block": "chipped:cracked_flat_obsidian_tiles"
    },
    {
      "block": "chipped:prismal_obsidian_remnants"
    },
    {
      "block": "chipped:blank_obsidian_carving"
    },
    {
      "block": "chipped:spider_obsidian_carving"
    },
    {
      "block": "chipped:smooth_obsidian_column"
    },
    {
      "block": "chipped:obsidian_pillar"
    },
    {
      "block": "chipped:unamused_obsidian"
    },
    {
      "block": "chipped:cut_obsidian_column"
    },
    {
      "block": "chipped:obsidian_mini_tiles"
    }
  ]
}