{
  "type": "rechiseled:chiseling",
  "overwrite": false,
  "entries": [
    {
      "block": "minecraft:ochre_froglight"
    },
    {
      "block": "chipped:glass_ochre_froglight"
    },
    {
      "block": "chipped:elemental_ochre_froglight"
    },
    {
      "block": "chipped:exposed_ochre_froglight"
    },
    {
      "block": "chipped:ancient_ochre_froglight"
    },
    {
      "block": "chipped:barred_ochre_froglight"
    },
    {
      "block": "chipped:round_ochre_froglight"
    },
    {
      "block": "chipped:ad_astra_ochre_froglight"
    },
    {
      "block": "chipped:reinforced_ochre_froglight"
    }
  ]
}