{
  "type": "rechiseled:chiseling",
  "overwrite": false,
  "entries": [
    {
      "block": "minecraft:orange_wool"
    },
    {
      "block": "chipped:tripped_orange_wool"
    },
    {
      "block": "chipped:barky_orange_wool"
    },
    {
      "block": "chipped:cross_haired_orange_wool"
    },
    {
      "block": "chipped:cubed_orange_wool"
    },
    {
      "block": "chipped:harsh_quilted_orange_wool"
    },
    {
      "block": "chipped:cornered_orange_wool"
    },
    {
      "block": "chipped:ribbled_orange_wool"
    },
    {
      "block": "chipped:blocky_orange_wool"
    },
    {
      "block": "chipped:knitted_orange_wool"
    },
    {
      "block": "chipped:scaled_orange_wool"
    },
    {
      "block": "chipped:wickered_orange_wool"
    },
    {
      "block": "chipped:soft_orange_wool"
    },
    {
      "block": "chipped:patched_orange_wool"
    },
    {
      "block": "chipped:windmill_orange_wool"
    },
    {
      "block": "chipped:rectangle_orange_wool"
    },
    {
      "block": "chipped:woved_orange_wool"
    },
    {
      "block": "chipped:bundled_orange_wool"
    },
    {
      "block": "chipped:crafted_orange_wool"
    },
    {
      "block": "chipped:tiled_orange_wool"
    },
    {
      "block": "chipped:stringed_orange_wool"
    }
  ]
}