{
  "type": "rechiseled:chiseling",
  "overwrite": false,
  "entries": [
    {
      "block": "minecraft:orange_glazed_terracotta"
    },
    {
      "block": "chipped:orange_glazed_terracotta_pillar_sides"
    },
    {
      "block": "chipped:paved_orange_glazed_terracotta"
    },
    {
      "block": "chipped:shrunken_orange_glazed_terracotta"
    },
    {
      "block": "chipped:starry_orange_glazed_terracotta"
    },
    {
      "block": "chipped:orange_glazed_terracotta_smooth_tiles"
    },
    {
      "block": "chipped:orange_glazed_terracotta_pillar_top"
    },
    {
      "block": "chipped:minimized_orange_glazed_terracotta"
    },
    {
      "block": "chipped:orange_glazed_terracotta_tiles"
    },
    {
      "block": "chipped:waved_orange_glazed_terracotta"
    },
    {
      "block": "chipped:hexagonical_orange_glazed_terracotta"
    },
    {
      "block": "chipped:decorated_orange_glazed_terracotta"
    }
  ]
}