{
  "type": "rechiseled:chiseling",
  "overwrite": false,
  "entries": [
    {
      "block": "minecraft:orange_concrete"
    },
    {
      "block": "chipped:warning_orange_concrete"
    },
    {
      "block": "chipped:striped_orange_concrete"
    },
    {
      "block": "chipped:rusted_orange_concrete"
    },
    {
      "block": "chipped:reinforced_orange_concrete"
    },
    {
      "block": "chipped:orange_concrete_bricks"
    },
    {
      "block": "chipped:bolted_orange_concrete"
    },
    {
      "block": "chipped:mosaic_orange_concrete"
    },
    {
      "block": "chipped:orange_concrete_pillar"
    },
    {
      "block": "chipped:grid_orange_concrete"
    },
    {
      "block": "chipped:orange_concrete_panel"
    },
    {
      "block": "chipped:grill_orange_concrete"
    },
    {
      "block": "chipped:wired_orange_concrete"
    },
    {
      "block": "chipped:stacked_orange_concrete"
    },
    {
      "block": "chipped:hazard_orange_concrete"
    },
    {
      "block": "chipped:orange_concrete_tiles"
    },
    {
      "block": "chipped:smooth_orange_concrete"
    },
    {
      "block": "chipped:creeper_orange_concrete"
    },
    {
      "block": "chipped:pegged_orange_concrete"
    },
    {
      "block": "chipped:railed_orange_concrete"
    },
    {
      "block": "chipped:stop_orange_concrete"
    }
  ]
}