{
  "type": "rechiseled:chiseling",
  "overwrite": false,
  "entries": [
    {
      "block": "minecraft:orange_terracotta"
    },
    {
      "block": "chipped:crossed_orange_terracotta"
    },
    {
      "block": "chipped:cut_orange_terracotta"
    },
    {
      "block": "chipped:triangular_orange_terracotta"
    },
    {
      "block": "chipped:starry_orange_terracotta"
    },
    {
      "block": "chipped:inscribed_orange_terracotta"
    },
    {
      "block": "chipped:chiseled_orange_terracotta"
    },
    {
      "block": "chipped:layered_orange_terracotta"
    },
    {
      "block": "chipped:small_orange_terracotta_tiles"
    },
    {
      "block": "chipped:curled_orange_terracotta"
    },
    {
      "block": "chipped:orange_terracotta_pillar"
    },
    {
      "block": "chipped:orange_terracotta_bricks"
    },
    {
      "block": "chipped:orange_terracotta_tiles"
    },
    {
      "block": "chipped:orange_terracotta_column"
    },
    {
      "block": "chipped:decorated_orange_terracotta"
    },
    {
      "block": "chipped:orange_terracotta_tile"
    },
    {
      "block": "chipped:hexagonical_orange_terracotta"
    },
    {
      "block": "chipped:circular_orange_terracotta"
    }
  ]
}