{
  "type": "rechiseled:chiseling",
  "overwrite": false,
  "entries": [
    {
      "block": "minecraft:orange_stained_glass"
    },
    {
      "block": "chipped:small_orange_stained_glass"
    },
    {
      "block": "chipped:woven_orange_stained_glass"
    },
    {
      "block": "chipped:circular_orange_stained_glass"
    },
    {
      "block": "chipped:large_diamond_orange_stained_glass"
    },
    {
      "block": "chipped:square_orange_stained_glass"
    },
    {
      "block": "chipped:arched_orange_stained_glass_pillar"
    },
    {
      "block": "chipped:tiled_orange_stained_glass"
    },
    {
      "block": "chipped:ornate_orange_stained_glass"
    },
    {
      "block": "chipped:raster_orange_stained_glass"
    },
    {
      "block": "chipped:vertical_stiped_orange_stained_glass"
    },
    {
      "block": "chipped:fancy_orange_stained_glass"
    }
  ]
}