{
  "type": "rechiseled:chiseling",
  "overwrite": false,
  "entries": [
    {
      "block": "minecraft:packed_mud"
    },
    {
      "block": "chipped:spiral_packed_mud"
    },
    {
      "block": "chipped:double_packed_mud_bricks"
    },
    {
      "block": "chipped:edged_packed_mud_bricks"
    },
    {
      "block": "chipped:packed_mud_pillar"
    },
    {
      "block": "chipped:smooth_ringed_packed_mud"
    },
    {
      "block": "chipped:fancy_packed_mud_pillar"
    },
    {
      "block": "chipped:small_packed_mud_bricks"
    },
    {
      "block": "chipped:diamond_packed_mud_bricks"
    },
    {
      "block": "chipped:sad_packed_mud"
    },
    {
      "block": "chipped:smoothed_double_inlayed_packed_mud"
    },
    {
      "block": "chipped:rough_panelled_packed_mud"
    },
    {
      "block": "chipped:rough_packed_mud"
    },
    {
      "block": "chipped:angled_packed_mud_bricks"
    },
    {
      "block": "chipped:chiseled_packed_mud"
    },
    {
      "block": "chipped:tiny_packed_mud_bricks"
    },
    {
      "block": "chipped:carved_packed_mud"
    },
    {
      "block": "chipped:offset_packed_mud_bricks"
    },
    {
      "block": "chipped:cracked_packed_mud_bricks"
    },
    {
      "block": "chipped:keyhole_packed_mud"
    },
    {
      "block": "chipped:packed_mud_pillar_top"
    },
    {
      "block": "chipped:tiled_bordered_packed_mud"
    },
    {
      "block": "chipped:arrow_packed_mud"
    },
    {
      "block": "chipped:spider_packed_mud_carving"
    },
    {
      "block": "chipped:rune_packed_mud"
    },
    {
      "block": "chipped:hard_packed_mud"
    },
    {
      "block": "chipped:tiled_packed_mud_column"
    },
    {
      "block": "chipped:packed_mud_scales"
    },
    {
      "block": "chipped:crunched_packed_mud_bricks"
    },
    {
      "block": "chipped:vertical_cut_packed_mud"
    },
    {
      "block": "chipped:mini_tiled_packed_mud"
    },
    {
      "block": "chipped:large_tiled_packed_mud"
    },
    {
      "block": "chipped:loreful_packed_mud"
    },
    {
      "block": "chipped:brick_bordered_packed_mud"
    },
    {
      "block": "chipped:button_packed_mud"
    },
    {
      "block": "chipped:star_packed_mud"
    },
    {
      "block": "chipped:fancy_packed_mud"
    },
    {
      "block": "chipped:etched_packed_mud_bricks"
    },
    {
      "block": "chipped:smooth_packed_mud"
    },
    {
      "block": "chipped:fancy_chiseled_packed_mud"
    },
    {
      "block": "chipped:simple_packed_mud_pillar"
    },
    {
      "block": "chipped:carved_packed_mud_pillar"
    },
    {
      "block": "chipped:eye_packed_mud"
    },
    {
      "block": "chipped:leaning_packed_mud"
    },
    {
      "block": "chipped:large_packed_mud_sigil"
    },
    {
      "block": "chipped:tiled_packed_mud_bricks"
    },
    {
      "block": "chipped:engraved_packed_mud"
    },
    {
      "block": "chipped:bordered_packed_mud"
    },
    {
      "block": "chipped:horned_packed_mud"
    },
    {
      "block": "chipped:unamused_packed_mud"
    },
    {
      "block": "chipped:symbolic_packed_mud_pillar"
    },
    {
      "block": "chipped:massive_packed_mud_bricks"
    },
    {
      "block": "chipped:angry_packed_mud"
    },
    {
      "block": "chipped:heart_packed_mud"
    },
    {
      "block": "chipped:sigil_packed_mud"
    },
    {
      "block": "chipped:vertical_disordered_packed_mud_bricks"
    },
    {
      "block": "chipped:symbol_packed_mud"
    },
    {
      "block": "chipped:fine_packed_mud_pillar"
    },
    {
      "block": "chipped:thick_inlayed_packed_mud"
    },
    {
      "block": "chipped:packed_mud_bricks"
    },
    {
      "block": "chipped:ornate_packed_mud_pillar"
    },
    {
      "block": "chipped:stacked_packed_mud_bricks"
    },
    {
      "block": "chipped:quad_packed_mud"
    },
    {
      "block": "chipped:pancake_packed_mud"
    },
    {
      "block": "chipped:duh_packed_mud"
    },
    {
      "block": "chipped:prismal_packed_mud_remnants"
    },
    {
      "block": "chipped:glad_packed_mud"
    },
    {
      "block": "chipped:curly_packed_mud_pillar"
    },
    {
      "block": "chipped:tiny_layered_packed_mud_bricks"
    },
    {
      "block": "chipped:crying_packed_mud"
    },
    {
      "block": "chipped:placed_packed_mud"
    },
    {
      "block": "chipped:creeper_packed_mud_carving"
    },
    {
      "block": "chipped:polished_packed_mud"
    },
    {
      "block": "chipped:scaly_packed_mud"
    },
    {
      "block": "chipped:centered_packed_mud"
    },
    {
      "block": "chipped:panelled_packed_mud"
    },
    {
      "block": "chipped:inlayed_packed_mud"
    },
    {
      "block": "chipped:overlapping_packed_mud_tiles"
    },
    {
      "block": "chipped:cut_blank_packed_mud"
    }
  ]
}