{
  "type": "rechiseled:chiseling",
  "overwrite": false,
  "entries": [
    {
      "block": "minecraft:packed_ice"
    },
    {
      "block": "chipped:smooth_inlayed_packed_ice"
    },
    {
      "block": "chipped:cracked_disordered_packed_ice_bricks"
    },
    {
      "block": "chipped:smoothed_double_inlayed_packed_ice"
    },
    {
      "block": "chipped:curly_packed_ice_pillar"
    },
    {
      "block": "chipped:cracked_packed_ice_bricks"
    },
    {
      "block": "chipped:bordered_packed_ice"
    },
    {
      "block": "chipped:eroded_packed_ice"
    },
    {
      "block": "chipped:trodden_packed_ice"
    },
    {
      "block": "chipped:vertical_disordered_packed_ice_bricks"
    },
    {
      "block": "chipped:stacked_packed_ice_bricks"
    },
    {
      "block": "chipped:runic_carved_packed_ice"
    },
    {
      "block": "chipped:engraved_packed_ice"
    },
    {
      "block": "chipped:cracked_flat_packed_ice_tiles"
    },
    {
      "block": "chipped:inscribed_packed_ice"
    },
    {
      "block": "chipped:overlapping_packed_ice_tiles"
    },
    {
      "block": "chipped:smooth_packed_ice_column"
    },
    {
      "block": "chipped:packed_ice_bricks"
    },
    {
      "block": "chipped:cobbled_packed_ice"
    },
    {
      "block": "chipped:vertical_cut_packed_ice"
    },
    {
      "block": "chipped:unamused_packed_ice"
    },
    {
      "block": "chipped:packed_ice_scales"
    },
    {
      "block": "chipped:loded_packed_ice"
    },
    {
      "block": "chipped:cut_packed_ice_column"
    },
    {
      "block": "chipped:ornate_packed_ice_pillar"
    },
    {
      "block": "chipped:offset_packed_ice_bricks"
    },
    {
      "block": "chipped:crying_packed_ice"
    },
    {
      "block": "chipped:inlayed_packed_ice"
    },
    {
      "block": "chipped:small_packed_ice_bricks"
    },
    {
      "block": "chipped:sanded_packed_ice"
    },
    {
      "block": "chipped:polished_packed_ice"
    },
    {
      "block": "chipped:packed_ice_pillar"
    },
    {
      "block": "chipped:cut_blank_packed_ice"
    },
    {
      "block": "chipped:etched_packed_ice_bricks"
    },
    {
      "block": "chipped:tiny_brick_bordered_packed_ice"
    },
    {
      "block": "chipped:spiraled_packed_ice"
    },
    {
      "block": "chipped:tiny_packed_ice_bricks"
    },
    {
      "block": "chipped:tiled_packed_ice"
    },
    {
      "block": "chipped:carved_packed_ice"
    },
    {
      "block": "chipped:rough_packed_ice"
    },
    {
      "block": "chipped:flat_packed_ice_tiles"
    },
    {
      "block": "chipped:blank_packed_ice_carving"
    },
    {
      "block": "chipped:smooth_ringed_packed_ice"
    },
    {
      "block": "chipped:pillar_packed_ice_bricks"
    },
    {
      "block": "chipped:fine_packed_ice_pillar"
    },
    {
      "block": "chipped:sad_packed_ice"
    },
    {
      "block": "chipped:simple_packed_ice_pillar"
    },
    {
      "block": "chipped:layed_packed_ice_bricks"
    },
    {
      "block": "chipped:duh_packed_ice"
    },
    {
      "block": "chipped:tiny_layered_packed_ice_slabs"
    },
    {
      "block": "chipped:brick_bordered_packed_ice"
    },
    {
      "block": "chipped:thick_inlayed_packed_ice"
    },
    {
      "block": "chipped:checkered_packed_ice_tiles"
    },
    {
      "block": "chipped:edged_packed_ice_bricks"
    },
    {
      "block": "chipped:massive_packed_ice_bricks"
    },
    {
      "block": "chipped:rounded_packed_ice_bricks"
    },
    {
      "block": "chipped:tiled_bordered_packed_ice"
    },
    {
      "block": "chipped:tiled_packed_ice_column"
    },
    {
      "block": "chipped:prismal_packed_ice_remnants"
    },
    {
      "block": "chipped:packed_ice_mini_tiles"
    },
    {
      "block": "chipped:spider_packed_ice_carving"
    },
    {
      "block": "chipped:packed_ice_pillar_top"
    },
    {
      "block": "chipped:creeper_packed_ice_carving"
    },
    {
      "block": "chipped:glad_packed_ice"
    },
    {
      "block": "chipped:tiny_layered_packed_ice_bricks"
    },
    {
      "block": "chipped:angry_packed_ice"
    },
    {
      "block": "chipped:weathered_packed_ice"
    }
  ]
}