{
  "type": "rechiseled:chiseling",
  "overwrite": false,
  "entries": [
    {
      "block": "minecraft:pearlescent_froglight"
    },
    {
      "block": "chipped:ad_astra_pearlescent_froglight"
    },
    {
      "block": "chipped:ancient_pearlescent_froglight"
    },
    {
      "block": "chipped:glass_pearlescent_froglight"
    },
    {
      "block": "chipped:round_pearlescent_froglight"
    },
    {
      "block": "chipped:exposed_pearlescent_froglight"
    },
    {
      "block": "chipped:elemental_pearlescent_froglight"
    },
    {
      "block": "chipped:reinforced_pearlescent_froglight"
    },
    {
      "block": "chipped:barred_pearlescent_froglight"
    }
  ]
}