{
  "type": "rechiseled:chiseling",
  "overwrite": false,
  "entries": [
    {
      "block": "minecraft:pink_concrete"
    },
    {
      "block": "chipped:grill_pink_concrete"
    },
    {
      "block": "chipped:bolted_pink_concrete"
    },
    {
      "block": "chipped:striped_pink_concrete"
    },
    {
      "block": "chipped:mosaic_pink_concrete"
    },
    {
      "block": "chipped:reinforced_pink_concrete"
    },
    {
      "block": "chipped:warning_pink_concrete"
    },
    {
      "block": "chipped:rusted_pink_concrete"
    },
    {
      "block": "chipped:stacked_pink_concrete"
    },
    {
      "block": "chipped:grid_pink_concrete"
    },
    {
      "block": "chipped:pink_concrete_bricks"
    },
    {
      "block": "chipped:hazard_pink_concrete"
    },
    {
      "block": "chipped:creeper_pink_concrete"
    },
    {
      "block": "chipped:pegged_pink_concrete"
    },
    {
      "block": "chipped:railed_pink_concrete"
    },
    {
      "block": "chipped:smooth_pink_concrete"
    },
    {
      "block": "chipped:stop_pink_concrete"
    },
    {
      "block": "chipped:pink_concrete_panel"
    },
    {
      "block": "chipped:wired_pink_concrete"
    },
    {
      "block": "chipped:pink_concrete_pillar"
    },
    {
      "block": "chipped:pink_concrete_tiles"
    }
  ]
}