{
  "type": "rechiseled:chiseling",
  "overwrite": false,
  "entries": [
    {
      "block": "minecraft:pink_stained_glass_pane"
    },
    {
      "block": "chipped:vertical_stiped_pink_stained_glass_pane"
    },
    {
      "block": "chipped:raster_pink_stained_glass_pane"
    },
    {
      "block": "chipped:tiled_pink_stained_glass_pane"
    },
    {
      "block": "chipped:arched_pink_stained_glass_pane_pillar"
    },
    {
      "block": "chipped:woven_pink_stained_glass_pane"
    },
    {
      "block": "chipped:square_pink_stained_glass_pane"
    },
    {
      "block": "chipped:circular_pink_stained_glass_pane"
    },
    {
      "block": "chipped:large_diamond_pink_stained_glass_pane"
    },
    {
      "block": "chipped:fancy_pink_stained_glass_pane"
    },
    {
      "block": "chipped:small_pink_stained_glass_pane"
    },
    {
      "block": "chipped:ornate_pink_stained_glass_pane"
    }
  ]
}