{
  "type": "rechiseled:chiseling",
  "overwrite": false,
  "entries": [
    {
      "block": "minecraft:pink_wool"
    },
    {
      "block": "chipped:tiled_pink_wool"
    },
    {
      "block": "chipped:scaled_pink_wool"
    },
    {
      "block": "chipped:cubed_pink_wool"
    },
    {
      "block": "chipped:blocky_pink_wool"
    },
    {
      "block": "chipped:patched_pink_wool"
    },
    {
      "block": "chipped:soft_pink_wool"
    },
    {
      "block": "chipped:windmill_pink_wool"
    },
    {
      "block": "chipped:wickered_pink_wool"
    },
    {
      "block": "chipped:ribbled_pink_wool"
    },
    {
      "block": "chipped:cornered_pink_wool"
    },
    {
      "block": "chipped:crafted_pink_wool"
    },
    {
      "block": "chipped:cross_haired_pink_wool"
    },
    {
      "block": "chipped:barky_pink_wool"
    },
    {
      "block": "chipped:rectangle_pink_wool"
    },
    {
      "block": "chipped:bundled_pink_wool"
    },
    {
      "block": "chipped:woved_pink_wool"
    },
    {
      "block": "chipped:tripped_pink_wool"
    },
    {
      "block": "chipped:knitted_pink_wool"
    },
    {
      "block": "chipped:stringed_pink_wool"
    },
    {
      "block": "chipped:harsh_quilted_pink_wool"
    }
  ]
}