{
  "type": "rechiseled:chiseling",
  "overwrite": false,
  "entries": [
    {
      "block": "minecraft:pink_carpet"
    },
    {
      "block": "chipped:tiled_pink_carpet"
    },
    {
      "block": "chipped:tripped_pink_carpet"
    },
    {
      "block": "chipped:cornered_pink_carpet"
    },
    {
      "block": "chipped:cubed_pink_carpet"
    },
    {
      "block": "chipped:rectangle_pink_carpet"
    },
    {
      "block": "chipped:wickered_pink_carpet"
    },
    {
      "block": "chipped:stringed_pink_carpet"
    },
    {
      "block": "chipped:scaled_pink_carpet"
    },
    {
      "block": "chipped:barky_pink_carpet"
    },
    {
      "block": "chipped:crafted_pink_carpet"
    },
    {
      "block": "chipped:bundled_pink_carpet"
    },
    {
      "block": "chipped:blocky_pink_carpet"
    },
    {
      "block": "chipped:harsh_quilted_pink_carpet"
    },
    {
      "block": "chipped:windmill_pink_carpet"
    },
    {
      "block": "chipped:woved_pink_carpet"
    },
    {
      "block": "chipped:patched_pink_carpet"
    },
    {
      "block": "chipped:soft_pink_carpet"
    },
    {
      "block": "chipped:cross_haired_pink_carpet"
    },
    {
      "block": "chipped:ribbled_pink_carpet"
    },
    {
      "block": "chipped:knitted_pink_carpet"
    }
  ]
}