{
  "type": "rechiseled:chiseling",
  "overwrite": false,
  "entries": [
    {
      "block": "minecraft:pink_glazed_terracotta"
    },
    {
      "block": "chipped:waved_pink_glazed_terracotta"
    },
    {
      "block": "chipped:shrunken_pink_glazed_terracotta"
    },
    {
      "block": "chipped:pink_glazed_terracotta_smooth_tiles"
    },
    {
      "block": "chipped:starry_pink_glazed_terracotta"
    },
    {
      "block": "chipped:pink_glazed_terracotta_pillar_sides"
    },
    {
      "block": "chipped:pink_glazed_terracotta_pillar_top"
    },
    {
      "block": "chipped:hexagonical_pink_glazed_terracotta"
    },
    {
      "block": "chipped:minimized_pink_glazed_terracotta"
    },
    {
      "block": "chipped:paved_pink_glazed_terracotta"
    },
    {
      "block": "chipped:decorated_pink_glazed_terracotta"
    },
    {
      "block": "chipped:pink_glazed_terracotta_tiles"
    }
  ]
}