{
  "type": "rechiseled:chiseling",
  "overwrite": false,
  "entries": [
    {
      "block": "minecraft:pink_terracotta"
    },
    {
      "block": "chipped:circular_pink_terracotta"
    },
    {
      "block": "chipped:cut_pink_terracotta"
    },
    {
      "block": "chipped:decorated_pink_terracotta"
    },
    {
      "block": "chipped:chiseled_pink_terracotta"
    },
    {
      "block": "chipped:small_pink_terracotta_tiles"
    },
    {
      "block": "chipped:inscribed_pink_terracotta"
    },
    {
      "block": "chipped:pink_terracotta_pillar"
    },
    {
      "block": "chipped:pink_terracotta_column"
    },
    {
      "block": "chipped:triangular_pink_terracotta"
    },
    {
      "block": "chipped:starry_pink_terracotta"
    },
    {
      "block": "chipped:hexagonical_pink_terracotta"
    },
    {
      "block": "chipped:layered_pink_terracotta"
    },
    {
      "block": "chipped:crossed_pink_terracotta"
    },
    {
      "block": "chipped:curled_pink_terracotta"
    },
    {
      "block": "chipped:pink_terracotta_tiles"
    },
    {
      "block": "chipped:pink_terracotta_tile"
    },
    {
      "block": "chipped:pink_terracotta_bricks"
    }
  ]
}