{
  "type": "rechiseled:chiseling",
  "overwrite": false,
  "entries": [
    {
      "block": "minecraft:pointed_dripstone"
    },
    {
      "block": "chipped:packed_ice_pointed_dripstone"
    },
    {
      "block": "chipped:endstone_pointed_dripstone"
    },
    {
      "block": "chipped:blackstone_pointed_dripstone"
    },
    {
      "block": "chipped:calcite_pointed_dripstone"
    },
    {
      "block": "chipped:deepslate_pointed_dripstone"
    },
    {
      "block": "chipped:tuff_pointed_dripstone"
    },
    {
      "block": "chipped:diorite_pointed_dripstone"
    },
    {
      "block": "chipped:granite_pointed_dripstone"
    },
    {
      "block": "chipped:basalt_pointed_dripstone"
    },
    {
      "block": "chipped:andesite_pointed_dripstone"
    },
    {
      "block": "chipped:netherrack_pointed_dripstone"
    },
    {
      "block": "chipped:smooth_basalt_pointed_dripstone"
    },
    {
      "block": "chipped:stone_pointed_dripstone"
    }
  ]
}