{
  "type": "rechiseled:chiseling",
  "overwrite": false,
  "entries": [
    {
      "block": "minecraft:prismarine"
    },
    {
      "block": "chipped:inscribed_prismarine"
    },
    {
      "block": "chipped:prismarine_bricks"
    },
    {
      "block": "chipped:polished_prismarine"
    },
    {
      "block": "chipped:curly_prismarine_pillar"
    },
    {
      "block": "chipped:cut_blank_prismarine"
    },
    {
      "block": "chipped:duh_prismarine"
    },
    {
      "block": "chipped:sad_prismarine"
    },
    {
      "block": "chipped:granite_prismarine"
    },
    {
      "block": "chipped:runic_carved_prismarine"
    },
    {
      "block": "chipped:etched_prismarine_bricks"
    },
    {
      "block": "chipped:blank_prismarine_carving"
    },
    {
      "block": "chipped:fine_prismarine_pillar"
    },
    {
      "block": "chipped:tiny_layered_prismarine_bricks"
    },
    {
      "block": "chipped:offset_prismarine_bricks"
    },
    {
      "block": "chipped:smooth_ringed_prismarine"
    },
    {
      "block": "chipped:edged_prismarine_bricks"
    },
    {
      "block": "chipped:tiny_prismarine_bricks"
    },
    {
      "block": "chipped:tiny_layered_prismarine_slabs"
    },
    {
      "block": "chipped:vertical_disordered_prismarine_bricks"
    },
    {
      "block": "chipped:layed_prismarine_bricks"
    },
    {
      "block": "chipped:smooth_prismarine_column"
    },
    {
      "block": "chipped:pillar_prismarine_bricks"
    },
    {
      "block": "chipped:overlapping_prismarine_tiles"
    },
    {
      "block": "chipped:trodden_prismarine"
    },
    {
      "block": "chipped:ornate_prismarine_pillar"
    },
    {
      "block": "chipped:inlayed_prismarine"
    },
    {
      "block": "chipped:massive_prismarine_bricks"
    },
    {
      "block": "chipped:cracked_prismarine_bricks"
    },
    {
      "block": "chipped:tiled_prismarine_column"
    },
    {
      "block": "chipped:thick_inlayed_prismarine"
    },
    {
      "block": "chipped:prismarine_pillar_top"
    },
    {
      "block": "chipped:small_prismarine_bricks"
    },
    {
      "block": "chipped:glad_prismarine"
    },
    {
      "block": "chipped:prismarine_pillar"
    },
    {
      "block": "chipped:engraved_prismarine"
    },
    {
      "block": "chipped:creeper_prismarine_carving"
    },
    {
      "block": "chipped:weathered_prismarine"
    },
    {
      "block": "chipped:spider_prismarine_carving"
    },
    {
      "block": "chipped:smooth_inlayed_prismarine"
    },
    {
      "block": "chipped:cobbled_prismarine"
    },
    {
      "block": "chipped:rough_prismarine"
    },
    {
      "block": "chipped:vertical_cut_prismarine"
    },
    {
      "block": "chipped:rounded_prismarine_bricks"
    },
    {
      "block": "chipped:tiled_bordered_prismarine"
    },
    {
      "block": "chipped:simple_prismarine_pillar"
    },
    {
      "block": "chipped:checkered_prismarine_tiles"
    },
    {
      "block": "chipped:eroded_prismarine"
    },
    {
      "block": "chipped:bordered_prismarine"
    },
    {
      "block": "chipped:smoothed_double_inlayed_prismarine"
    },
    {
      "block": "chipped:tiny_brick_bordered_prismarine"
    },
    {
      "block": "chipped:spiraled_prismarine"
    },
    {
      "block": "chipped:cracked_disordered_prismarine_bricks"
    },
    {
      "block": "chipped:flat_prismarine_tiles"
    },
    {
      "block": "chipped:cracked_flat_prismarine_tiles"
    },
    {
      "block": "chipped:prismarine_scales"
    },
    {
      "block": "chipped:carved_prismarine"
    },
    {
      "block": "chipped:loded_prismarine"
    },
    {
      "block": "chipped:tiled_prismarine"
    },
    {
      "block": "chipped:sanded_prismarine"
    },
    {
      "block": "chipped:angry_prismarine"
    },
    {
      "block": "chipped:crying_prismarine"
    },
    {
      "block": "chipped:brick_bordered_prismarine"
    },
    {
      "block": "chipped:unamused_prismarine"
    },
    {
      "block": "chipped:prismarine_mini_tiles"
    },
    {
      "block": "chipped:stacked_prismarine_bricks"
    },
    {
      "block": "chipped:cut_prismarine_column"
    }
  ]
}