{
  "type": "rechiseled:chiseling",
  "overwrite": false,
  "entries": [
    {
      "block": "minecraft:pumpkin"
    },
    {
      "block": "chipped:dirty_dewkin"
    },
    {
      "block": "chipped:dirty_goldkin"
    },
    {
      "block": "chipped:overgrown_autumnkin"
    },
    {
      "block": "chipped:dirty_rosekin"
    },
    {
      "block": "chipped:rosekin"
    },
    {
      "block": "chipped:dewkin"
    },
    {
      "block": "chipped:overgrown_lumpkin"
    },
    {
      "block": "chipped:end_pumpkin_purple"
    },
    {
      "block": "chipped:nether_pumpkin"
    },
    {
      "block": "chipped:autumnkin"
    },
    {
      "block": "chipped:overgrown_pumpkin"
    },
    {
      "block": "chipped:end_pumpkin"
    },
    {
      "block": "chipped:pimpkin"
    },
    {
      "block": "chipped:overgrown_pimpkin"
    },
    {
      "block": "chipped:kabotchkin"
    },
    {
      "block": "chipped:goldkin"
    }
  ]
}