{
  "type": "rechiseled:chiseling",
  "overwrite": false,
  "entries": [
    {
      "block": "minecraft:purple_glazed_terracotta"
    },
    {
      "block": "chipped:paved_purple_glazed_terracotta"
    },
    {
      "block": "chipped:decorated_purple_glazed_terracotta"
    },
    {
      "block": "chipped:minimized_purple_glazed_terracotta"
    },
    {
      "block": "chipped:purple_glazed_terracotta_pillar_top"
    },
    {
      "block": "chipped:hexagonical_purple_glazed_terracotta"
    },
    {
      "block": "chipped:starry_purple_glazed_terracotta"
    },
    {
      "block": "chipped:shrunken_purple_glazed_terracotta"
    },
    {
      "block": "chipped:waved_purple_glazed_terracotta"
    },
    {
      "block": "chipped:purple_glazed_terracotta_pillar_sides"
    },
    {
      "block": "chipped:purple_glazed_terracotta_tiles"
    },
    {
      "block": "chipped:purple_glazed_terracotta_smooth_tiles"
    }
  ]
}