{
  "type": "rechiseled:chiseling",
  "overwrite": false,
  "entries": [
    {
      "block": "minecraft:purple_stained_glass"
    },
    {
      "block": "chipped:tiled_purple_stained_glass"
    },
    {
      "block": "chipped:ornate_purple_stained_glass"
    },
    {
      "block": "chipped:arched_purple_stained_glass_pillar"
    },
    {
      "block": "chipped:vertical_stiped_purple_stained_glass"
    },
    {
      "block": "chipped:fancy_purple_stained_glass"
    },
    {
      "block": "chipped:raster_purple_stained_glass"
    },
    {
      "block": "chipped:circular_purple_stained_glass"
    },
    {
      "block": "chipped:small_purple_stained_glass"
    },
    {
      "block": "chipped:large_diamond_purple_stained_glass"
    },
    {
      "block": "chipped:square_purple_stained_glass"
    },
    {
      "block": "chipped:woven_purple_stained_glass"
    }
  ]
}