{
  "type": "rechiseled:chiseling",
  "overwrite": false,
  "entries": [
    {
      "block": "minecraft:purple_terracotta"
    },
    {
      "block": "chipped:purple_terracotta_pillar"
    },
    {
      "block": "chipped:triangular_purple_terracotta"
    },
    {
      "block": "chipped:inscribed_purple_terracotta"
    },
    {
      "block": "chipped:small_purple_terracotta_tiles"
    },
    {
      "block": "chipped:crossed_purple_terracotta"
    },
    {
      "block": "chipped:hexagonical_purple_terracotta"
    },
    {
      "block": "chipped:cut_purple_terracotta"
    },
    {
      "block": "chipped:decorated_purple_terracotta"
    },
    {
      "block": "chipped:starry_purple_terracotta"
    },
    {
      "block": "chipped:purple_terracotta_column"
    },
    {
      "block": "chipped:circular_purple_terracotta"
    },
    {
      "block": "chipped:purple_terracotta_tile"
    },
    {
      "block": "chipped:purple_terracotta_tiles"
    },
    {
      "block": "chipped:purple_terracotta_bricks"
    },
    {
      "block": "chipped:chiseled_purple_terracotta"
    },
    {
      "block": "chipped:layered_purple_terracotta"
    },
    {
      "block": "chipped:curled_purple_terracotta"
    }
  ]
}