{
  "type": "rechiseled:chiseling",
  "overwrite": false,
  "entries": [
    {
      "block": "minecraft:purple_wool"
    },
    {
      "block": "chipped:woved_purple_wool"
    },
    {
      "block": "chipped:patched_purple_wool"
    },
    {
      "block": "chipped:cubed_purple_wool"
    },
    {
      "block": "chipped:windmill_purple_wool"
    },
    {
      "block": "chipped:tripped_purple_wool"
    },
    {
      "block": "chipped:blocky_purple_wool"
    },
    {
      "block": "chipped:rectangle_purple_wool"
    },
    {
      "block": "chipped:scaled_purple_wool"
    },
    {
      "block": "chipped:harsh_quilted_purple_wool"
    },
    {
      "block": "chipped:ribbled_purple_wool"
    },
    {
      "block": "chipped:tiled_purple_wool"
    },
    {
      "block": "chipped:cross_haired_purple_wool"
    },
    {
      "block": "chipped:barky_purple_wool"
    },
    {
      "block": "chipped:stringed_purple_wool"
    },
    {
      "block": "chipped:wickered_purple_wool"
    },
    {
      "block": "chipped:soft_purple_wool"
    },
    {
      "block": "chipped:crafted_purple_wool"
    },
    {
      "block": "chipped:bundled_purple_wool"
    },
    {
      "block": "chipped:knitted_purple_wool"
    },
    {
      "block": "chipped:cornered_purple_wool"
    }
  ]
}