{
  "type": "rechiseled:chiseling",
  "overwrite": false,
  "entries": [
    {
      "block": "minecraft:purple_concrete"
    },
    {
      "block": "chipped:striped_purple_concrete"
    },
    {
      "block": "chipped:bolted_purple_concrete"
    },
    {
      "block": "chipped:purple_concrete_bricks"
    },
    {
      "block": "chipped:grid_purple_concrete"
    },
    {
      "block": "chipped:hazard_purple_concrete"
    },
    {
      "block": "chipped:railed_purple_concrete"
    },
    {
      "block": "chipped:reinforced_purple_concrete"
    },
    {
      "block": "chipped:warning_purple_concrete"
    },
    {
      "block": "chipped:stacked_purple_concrete"
    },
    {
      "block": "chipped:purple_concrete_tiles"
    },
    {
      "block": "chipped:stop_purple_concrete"
    },
    {
      "block": "chipped:grill_purple_concrete"
    },
    {
      "block": "chipped:purple_concrete_pillar"
    },
    {
      "block": "chipped:mosaic_purple_concrete"
    },
    {
      "block": "chipped:rusted_purple_concrete"
    },
    {
      "block": "chipped:creeper_purple_concrete"
    },
    {
      "block": "chipped:wired_purple_concrete"
    },
    {
      "block": "chipped:pegged_purple_concrete"
    },
    {
      "block": "chipped:smooth_purple_concrete"
    },
    {
      "block": "chipped:purple_concrete_panel"
    }
  ]
}