{
  "type": "rechiseled:chiseling",
  "overwrite": false,
  "entries": [
    {
      "block": "minecraft:red_terracotta"
    },
    {
      "block": "chipped:inscribed_red_terracotta"
    },
    {
      "block": "chipped:red_terracotta_tiles"
    },
    {
      "block": "chipped:hexagonical_red_terracotta"
    },
    {
      "block": "chipped:curled_red_terracotta"
    },
    {
      "block": "chipped:layered_red_terracotta"
    },
    {
      "block": "chipped:small_red_terracotta_tiles"
    },
    {
      "block": "chipped:triangular_red_terracotta"
    },
    {
      "block": "chipped:starry_red_terracotta"
    },
    {
      "block": "chipped:chiseled_red_terracotta"
    },
    {
      "block": "chipped:red_terracotta_tile"
    },
    {
      "block": "chipped:decorated_red_terracotta"
    },
    {
      "block": "chipped:circular_red_terracotta"
    },
    {
      "block": "chipped:red_terracotta_column"
    },
    {
      "block": "chipped:red_terracotta_pillar"
    },
    {
      "block": "chipped:crossed_red_terracotta"
    },
    {
      "block": "chipped:red_terracotta_bricks"
    },
    {
      "block": "chipped:cut_red_terracotta"
    }
  ]
}