{
  "type": "rechiseled:chiseling",
  "overwrite": false,
  "entries": [
    {
      "block": "minecraft:red_sandstone"
    },
    {
      "block": "chipped:thick_inlayed_red_sandstone"
    },
    {
      "block": "chipped:trodden_red_sandstone"
    },
    {
      "block": "chipped:runic_carved_red_sandstone"
    },
    {
      "block": "chipped:massive_red_sandstone_bricks"
    },
    {
      "block": "chipped:sanded_red_sandstone"
    },
    {
      "block": "chipped:tiled_bordered_red_sandstone"
    },
    {
      "block": "chipped:smooth_inlayed_red_sandstone"
    },
    {
      "block": "chipped:smoothed_double_inlayed_red_sandstone"
    },
    {
      "block": "chipped:cut_red_sandstone_column"
    },
    {
      "block": "chipped:brick_bordered_red_sandstone"
    },
    {
      "block": "chipped:duh_red_sandstone"
    },
    {
      "block": "chipped:blank_red_sandstone_carving"
    },
    {
      "block": "chipped:carved_red_sandstone"
    },
    {
      "block": "chipped:small_red_sandstone_bricks"
    },
    {
      "block": "chipped:layed_red_sandstone_bricks"
    },
    {
      "block": "chipped:checkered_red_sandstone_tiles"
    },
    {
      "block": "chipped:flat_red_sandstone_tiles"
    },
    {
      "block": "chipped:polished_red_sandstone"
    },
    {
      "block": "chipped:cracked_red_sandstone_bricks"
    },
    {
      "block": "chipped:glad_red_sandstone"
    },
    {
      "block": "chipped:red_sandstone_scales"
    },
    {
      "block": "chipped:offset_red_sandstone_bricks"
    },
    {
      "block": "chipped:red_sandstone_pillar"
    },
    {
      "block": "chipped:cracked_disordered_red_sandstone_bricks"
    },
    {
      "block": "chipped:edged_red_sandstone_bricks"
    },
    {
      "block": "chipped:inlayed_red_sandstone"
    },
    {
      "block": "chipped:rough_red_sandstone"
    },
    {
      "block": "chipped:tiny_layered_red_sandstone_slabs"
    },
    {
      "block": "chipped:eroded_red_sandstone"
    },
    {
      "block": "chipped:bordered_red_sandstone"
    },
    {
      "block": "chipped:rounded_red_sandstone_bricks"
    },
    {
      "block": "chipped:spiraled_red_sandstone"
    },
    {
      "block": "chipped:fine_red_sandstone_pillar"
    },
    {
      "block": "chipped:unamused_red_sandstone"
    },
    {
      "block": "chipped:smooth_red_sandstone_column"
    },
    {
      "block": "chipped:tiny_red_sandstone_bricks"
    },
    {
      "block": "chipped:spider_red_sandstone_carving"
    },
    {
      "block": "chipped:red_sandstone_mini_tiles"
    },
    {
      "block": "chipped:angry_red_sandstone"
    },
    {
      "block": "chipped:vertical_disordered_red_sandstone_bricks"
    },
    {
      "block": "chipped:stacked_red_sandstone_bricks"
    },
    {
      "block": "chipped:loded_red_sandstone"
    },
    {
      "block": "chipped:pillar_red_sandstone_bricks"
    },
    {
      "block": "chipped:creeper_red_sandstone_carving"
    },
    {
      "block": "chipped:cut_blank_red_sandstone"
    },
    {
      "block": "chipped:red_sandstone_pillar_top"
    },
    {
      "block": "chipped:smooth_ringed_red_sandstone"
    },
    {
      "block": "chipped:tiny_layered_red_sandstone_bricks"
    },
    {
      "block": "chipped:prismal_red_sandstone_remnants"
    },
    {
      "block": "chipped:etched_red_sandstone_bricks"
    },
    {
      "block": "chipped:weathered_red_sandstone"
    },
    {
      "block": "chipped:ornate_red_sandstone_pillar"
    },
    {
      "block": "chipped:sad_red_sandstone"
    },
    {
      "block": "chipped:tiled_red_sandstone"
    },
    {
      "block": "chipped:overlapping_red_sandstone_tiles"
    },
    {
      "block": "chipped:crying_red_sandstone"
    },
    {
      "block": "chipped:cracked_flat_red_sandstone_tiles"
    },
    {
      "block": "chipped:curly_red_sandstone_pillar"
    },
    {
      "block": "chipped:vertical_cut_red_sandstone"
    },
    {
      "block": "chipped:tiled_red_sandstone_column"
    },
    {
      "block": "chipped:tiny_brick_bordered_red_sandstone"
    },
    {
      "block": "chipped:engraved_red_sandstone"
    },
    {
      "block": "chipped:inscribed_red_sandstone"
    },
    {
      "block": "chipped:cobbled_red_sandstone"
    },
    {
      "block": "chipped:simple_red_sandstone_pillar"
    },
    {
      "block": "chipped:red_sandstone_bricks"
    }
  ]
}