{
  "type": "rechiseled:chiseling",
  "overwrite": false,
  "entries": [
    {
      "block": "minecraft:red_mushroom"
    },
    {
      "block": "chipped:red_mushroom_bushel"
    },
    {
      "block": "chipped:double_red_mushroom"
    },
    {
      "block": "chipped:mini_red_mushroom"
    },
    {
      "block": "chipped:red_mushroom_bulb"
    },
    {
      "block": "chipped:umbrella_red_mushroom"
    },
    {
      "block": "chipped:clustered_red_mushroom"
    },
    {
      "block": "chipped:bulbed_red_mushroom"
    },
    {
      "block": "chipped:micro_red_mushroom"
    },
    {
      "block": "chipped:hooded_red_mushroom"
    },
    {
      "block": "chipped:button_red_mushroom"
    },
    {
      "block": "chipped:wicked_red_mushroom"
    },
    {
      "block": "chipped:franken_red_mushroom"
    },
    {
      "block": "chipped:red_mushroom_trio"
    },
    {
      "block": "chipped:red_mushroom_cluster"
    }
  ]
}