{
  "type": "rechiseled:chiseling",
  "overwrite": false,
  "entries": [
    {
      "block": "minecraft:red_glazed_terracotta"
    },
    {
      "block": "chipped:shrunken_red_glazed_terracotta"
    },
    {
      "block": "chipped:red_glazed_terracotta_pillar_sides"
    },
    {
      "block": "chipped:paved_red_glazed_terracotta"
    },
    {
      "block": "chipped:red_glazed_terracotta_smooth_tiles"
    },
    {
      "block": "chipped:red_glazed_terracotta_pillar_top"
    },
    {
      "block": "chipped:hexagonical_red_glazed_terracotta"
    },
    {
      "block": "chipped:decorated_red_glazed_terracotta"
    },
    {
      "block": "chipped:waved_red_glazed_terracotta"
    },
    {
      "block": "chipped:starry_red_glazed_terracotta"
    },
    {
      "block": "chipped:minimized_red_glazed_terracotta"
    },
    {
      "block": "chipped:red_glazed_terracotta_tiles"
    }
  ]
}