{
  "type": "rechiseled:chiseling",
  "overwrite": false,
  "entries": [
    {
      "block": "minecraft:red_nether_bricks"
    },
    {
      "block": "chipped:stacked_red_nether_bricks_bricks"
    },
    {
      "block": "chipped:etched_red_nether_bricks_bricks"
    },
    {
      "block": "chipped:spider_red_nether_bricks_carving"
    },
    {
      "block": "chipped:tiled_red_nether_bricks"
    },
    {
      "block": "chipped:tiny_layered_red_nether_bricks_slabs"
    },
    {
      "block": "chipped:rounded_red_nether_bricks_bricks"
    },
    {
      "block": "chipped:sad_red_nether_bricks"
    },
    {
      "block": "chipped:angry_red_nether_bricks"
    },
    {
      "block": "chipped:edged_red_nether_bricks_bricks"
    },
    {
      "block": "chipped:cut_blank_red_nether_bricks"
    },
    {
      "block": "chipped:spiraled_red_nether_bricks"
    },
    {
      "block": "chipped:tiny_layered_red_nether_bricks_bricks"
    },
    {
      "block": "chipped:tiny_red_nether_bricks_bricks"
    },
    {
      "block": "chipped:red_nether_bricks_pillar"
    },
    {
      "block": "chipped:smooth_red_nether_bricks_column"
    },
    {
      "block": "chipped:blank_red_nether_bricks_carving"
    },
    {
      "block": "chipped:tiny_brick_bordered_red_nether_bricks"
    },
    {
      "block": "chipped:vertical_cut_red_nether_bricks"
    },
    {
      "block": "chipped:weathered_red_nether_bricks"
    },
    {
      "block": "chipped:fine_red_nether_bricks_pillar"
    },
    {
      "block": "chipped:bordered_red_nether_bricks"
    },
    {
      "block": "chipped:small_red_nether_bricks_bricks"
    },
    {
      "block": "chipped:sanded_red_nether_bricks"
    },
    {
      "block": "chipped:flat_red_nether_bricks_tiles"
    },
    {
      "block": "chipped:runic_carved_red_nether_bricks"
    },
    {
      "block": "chipped:prismal_red_nether_bricks_remnants"
    },
    {
      "block": "chipped:glad_red_nether_bricks"
    },
    {
      "block": "chipped:layed_red_nether_bricks_bricks"
    },
    {
      "block": "chipped:vertical_disordered_red_nether_bricks_bricks"
    },
    {
      "block": "chipped:pillar_red_nether_bricks_bricks"
    },
    {
      "block": "chipped:smooth_inlayed_red_nether_bricks"
    },
    {
      "block": "chipped:loded_red_nether_bricks"
    },
    {
      "block": "chipped:checkered_red_nether_bricks_tiles"
    },
    {
      "block": "chipped:red_nether_bricks_pillar_top"
    },
    {
      "block": "chipped:cracked_disordered_red_nether_bricks_bricks"
    },
    {
      "block": "chipped:curly_red_nether_bricks_pillar"
    },
    {
      "block": "chipped:overlapping_red_nether_bricks_tiles"
    },
    {
      "block": "chipped:polished_red_nether_bricks"
    },
    {
      "block": "chipped:cracked_red_nether_bricks_bricks"
    },
    {
      "block": "chipped:offset_red_nether_bricks_bricks"
    },
    {
      "block": "chipped:inlayed_red_nether_bricks"
    },
    {
      "block": "chipped:rough_red_nether_bricks"
    },
    {
      "block": "chipped:unamused_red_nether_bricks"
    },
    {
      "block": "chipped:cracked_flat_red_nether_bricks_tiles"
    },
    {
      "block": "chipped:carved_red_nether_bricks"
    },
    {
      "block": "chipped:tiled_red_nether_bricks_column"
    },
    {
      "block": "chipped:smooth_ringed_red_nether_bricks"
    },
    {
      "block": "chipped:brick_bordered_red_nether_bricks"
    },
    {
      "block": "chipped:massive_red_nether_bricks_bricks"
    },
    {
      "block": "chipped:engraved_red_nether_bricks"
    },
    {
      "block": "chipped:thick_inlayed_red_nether_bricks"
    },
    {
      "block": "chipped:creeper_red_nether_bricks_carving"
    },
    {
      "block": "chipped:simple_red_nether_bricks_pillar"
    },
    {
      "block": "chipped:duh_red_nether_bricks"
    },
    {
      "block": "chipped:red_nether_bricks_scales"
    },
    {
      "block": "chipped:red_nether_bricks_mini_tiles"
    },
    {
      "block": "chipped:smoothed_double_inlayed_red_nether_bricks"
    },
    {
      "block": "chipped:cobbled_red_nether_bricks"
    },
    {
      "block": "chipped:trodden_red_nether_bricks"
    },
    {
      "block": "chipped:ornate_red_nether_bricks_pillar"
    },
    {
      "block": "chipped:eroded_red_nether_bricks"
    },
    {
      "block": "chipped:red_nether_bricks_bricks"
    },
    {
      "block": "chipped:tiled_bordered_red_nether_bricks"
    },
    {
      "block": "chipped:cut_red_nether_bricks_column"
    },
    {
      "block": "chipped:inscribed_red_nether_bricks"
    },
    {
      "block": "chipped:crying_red_nether_bricks"
    }
  ]
}