{
  "type": "rechiseled:chiseling",
  "overwrite": false,
  "entries": [
    {
      "block": "minecraft:red_concrete"
    },
    {
      "block": "chipped:stop_red_concrete"
    },
    {
      "block": "chipped:stacked_red_concrete"
    },
    {
      "block": "chipped:mosaic_red_concrete"
    },
    {
      "block": "chipped:grid_red_concrete"
    },
    {
      "block": "chipped:wired_red_concrete"
    },
    {
      "block": "chipped:hazard_red_concrete"
    },
    {
      "block": "chipped:striped_red_concrete"
    },
    {
      "block": "chipped:warning_red_concrete"
    },
    {
      "block": "chipped:grill_red_concrete"
    },
    {
      "block": "chipped:railed_red_concrete"
    },
    {
      "block": "chipped:red_concrete_bricks"
    },
    {
      "block": "chipped:smooth_red_concrete"
    },
    {
      "block": "chipped:creeper_red_concrete"
    },
    {
      "block": "chipped:bolted_red_concrete"
    },
    {
      "block": "chipped:rusted_red_concrete"
    },
    {
      "block": "chipped:pegged_red_concrete"
    },
    {
      "block": "chipped:red_concrete_panel"
    },
    {
      "block": "chipped:reinforced_red_concrete"
    },
    {
      "block": "chipped:red_concrete_tiles"
    },
    {
      "block": "chipped:red_concrete_pillar"
    }
  ]
}