{
  "type": "rechiseled:chiseling",
  "overwrite": false,
  "entries": [
    {
      "block": "minecraft:red_stained_glass"
    },
    {
      "block": "chipped:vertical_stiped_red_stained_glass"
    },
    {
      "block": "chipped:ornate_red_stained_glass"
    },
    {
      "block": "chipped:raster_red_stained_glass"
    },
    {
      "block": "chipped:large_diamond_red_stained_glass"
    },
    {
      "block": "chipped:arched_red_stained_glass_pillar"
    },
    {
      "block": "chipped:woven_red_stained_glass"
    },
    {
      "block": "chipped:tiled_red_stained_glass"
    },
    {
      "block": "chipped:square_red_stained_glass"
    },
    {
      "block": "chipped:fancy_red_stained_glass"
    },
    {
      "block": "chipped:circular_red_stained_glass"
    },
    {
      "block": "chipped:small_red_stained_glass"
    }
  ]
}