{
  "type": "rechiseled:chiseling",
  "overwrite": false,
  "entries": [
    {
      "block": "minecraft:red_wool"
    },
    {
      "block": "chipped:windmill_red_wool"
    },
    {
      "block": "chipped:cubed_red_wool"
    },
    {
      "block": "chipped:blocky_red_wool"
    },
    {
      "block": "chipped:cross_haired_red_wool"
    },
    {
      "block": "chipped:woved_red_wool"
    },
    {
      "block": "chipped:patched_red_wool"
    },
    {
      "block": "chipped:scaled_red_wool"
    },
    {
      "block": "chipped:soft_red_wool"
    },
    {
      "block": "chipped:tripped_red_wool"
    },
    {
      "block": "chipped:barky_red_wool"
    },
    {
      "block": "chipped:harsh_quilted_red_wool"
    },
    {
      "block": "chipped:cornered_red_wool"
    },
    {
      "block": "chipped:ribbled_red_wool"
    },
    {
      "block": "chipped:bundled_red_wool"
    },
    {
      "block": "chipped:knitted_red_wool"
    },
    {
      "block": "chipped:wickered_red_wool"
    },
    {
      "block": "chipped:crafted_red_wool"
    },
    {
      "block": "chipped:tiled_red_wool"
    },
    {
      "block": "chipped:stringed_red_wool"
    },
    {
      "block": "chipped:rectangle_red_wool"
    }
  ]
}