{
  "type": "rechiseled:chiseling",
  "overwrite": false,
  "entries": [
    {
      "block": "minecraft:redstone_lamp"
    },
    {
      "block": "chipped:thick_inlayed_redstone_lamp"
    },
    {
      "block": "chipped:smooth_redstone_lamp"
    },
    {
      "block": "chipped:reinforced_redstone_lamp"
    },
    {
      "block": "chipped:fancy_white_redstone_lamp"
    },
    {
      "block": "chipped:ornate_redstone_lamp"
    },
    {
      "block": "chipped:hived_white_redstone_lamp"
    },
    {
      "block": "chipped:nice_redstone_lamp"
    },
    {
      "block": "chipped:edged_white_redstone_lamp"
    },
    {
      "block": "chipped:hived_redstone_lamp"
    },
    {
      "block": "chipped:inlayed_white_redstone_lamp"
    },
    {
      "block": "chipped:reinforced_white_redstone_lamp"
    },
    {
      "block": "chipped:nice_white_redstone_lamp"
    },
    {
      "block": "chipped:thick_white_inlayed_redstone_lamp"
    },
    {
      "block": "chipped:ornate_white_redstone_lamp"
    },
    {
      "block": "chipped:fancy_redstone_lamp"
    },
    {
      "block": "chipped:inlayed_redstone_lamp"
    },
    {
      "block": "chipped:smooth_white_redstone_lamp"
    },
    {
      "block": "chipped:edged_redstone_lamp"
    }
  ]
}