{
  "type": "rechiseled:chiseling",
  "overwrite": false,
  "entries": [
    {
      "block": "minecraft:sandstone"
    },
    {
      "block": "chipped:sandstone_mini_tiles"
    },
    {
      "block": "chipped:sad_sandstone"
    },
    {
      "block": "chipped:flat_sandstone_tiles"
    },
    {
      "block": "chipped:brick_bordered_sandstone"
    },
    {
      "block": "chipped:simple_sandstone_pillar"
    },
    {
      "block": "chipped:layed_sandstone_bricks"
    },
    {
      "block": "chipped:carved_sandstone"
    },
    {
      "block": "chipped:sanded_sandstone"
    },
    {
      "block": "chipped:prismal_sandstone_remnants"
    },
    {
      "block": "chipped:creeper_sandstone_carving"
    },
    {
      "block": "chipped:stacked_sandstone_bricks"
    },
    {
      "block": "chipped:bordered_sandstone"
    },
    {
      "block": "chipped:runic_carved_sandstone"
    },
    {
      "block": "chipped:spider_sandstone_carving"
    },
    {
      "block": "chipped:edged_sandstone_bricks"
    },
    {
      "block": "chipped:glad_sandstone"
    },
    {
      "block": "chipped:cut_sandstone_column"
    },
    {
      "block": "chipped:engraved_sandstone"
    },
    {
      "block": "chipped:sandstone_pillar_top"
    },
    {
      "block": "chipped:crying_sandstone"
    },
    {
      "block": "chipped:overlapping_sandstone_tiles"
    },
    {
      "block": "chipped:curly_sandstone_pillar"
    },
    {
      "block": "chipped:tiny_layered_sandstone_slabs"
    },
    {
      "block": "chipped:sandstone_scales"
    },
    {
      "block": "chipped:inlayed_sandstone"
    },
    {
      "block": "chipped:trodden_sandstone"
    },
    {
      "block": "chipped:vertical_disordered_sandstone_bricks"
    },
    {
      "block": "chipped:cracked_disordered_sandstone_bricks"
    },
    {
      "block": "chipped:sandstone_bricks"
    },
    {
      "block": "chipped:unamused_sandstone"
    },
    {
      "block": "chipped:cracked_sandstone_bricks"
    },
    {
      "block": "chipped:cut_blank_sandstone"
    },
    {
      "block": "chipped:smooth_sandstone_column"
    },
    {
      "block": "chipped:offset_sandstone_bricks"
    },
    {
      "block": "chipped:spiraled_sandstone"
    },
    {
      "block": "chipped:rough_sandstone"
    },
    {
      "block": "chipped:tiny_sandstone_bricks"
    },
    {
      "block": "chipped:angry_sandstone"
    },
    {
      "block": "chipped:tiled_bordered_sandstone"
    },
    {
      "block": "chipped:ornate_sandstone_pillar"
    },
    {
      "block": "chipped:cobbled_sandstone"
    },
    {
      "block": "chipped:tiny_layered_sandstone_bricks"
    },
    {
      "block": "chipped:checkered_sandstone_tiles"
    },
    {
      "block": "chipped:duh_sandstone"
    },
    {
      "block": "chipped:fine_sandstone_pillar"
    },
    {
      "block": "chipped:thick_inlayed_sandstone"
    },
    {
      "block": "chipped:tiled_sandstone"
    },
    {
      "block": "chipped:tiny_brick_bordered_sandstone"
    },
    {
      "block": "chipped:small_sandstone_bricks"
    },
    {
      "block": "chipped:rounded_sandstone_bricks"
    },
    {
      "block": "chipped:inscribed_sandstone"
    },
    {
      "block": "chipped:smooth_inlayed_sandstone"
    },
    {
      "block": "chipped:loded_sandstone"
    },
    {
      "block": "chipped:vertical_cut_sandstone"
    },
    {
      "block": "chipped:eroded_sandstone"
    },
    {
      "block": "chipped:massive_sandstone_bricks"
    },
    {
      "block": "chipped:smoothed_double_inlayed_sandstone"
    },
    {
      "block": "chipped:cracked_flat_sandstone_tiles"
    },
    {
      "block": "chipped:pillar_sandstone_bricks"
    },
    {
      "block": "chipped:tiled_sandstone_column"
    },
    {
      "block": "chipped:etched_sandstone_bricks"
    },
    {
      "block": "chipped:polished_sandstone"
    },
    {
      "block": "chipped:smooth_ringed_sandstone"
    },
    {
      "block": "chipped:weathered_sandstone"
    },
    {
      "block": "chipped:sandstone_pillar"
    },
    {
      "block": "chipped:blank_sandstone_carving"
    }
  ]
}