{
  "type": "rechiseled:chiseling",
  "overwrite": false,
  "entries": [
    {
      "block": "minecraft:sand"
    },
    {
      "block": "chipped:wet_red_sand"
    },
    {
      "block": "chipped:course_sand"
    },
    {
      "block": "chipped:soft_sand"
    },
    {
      "block": "chipped:desert_sand"
    },
    {
      "block": "chipped:overgrown_sand"
    },
    {
      "block": "chipped:wet_sand"
    },
    {
      "block": "chipped:kelp_sand"
    },
    {
      "block": "chipped:pearl_sand"
    },
    {
      "block": "chipped:lush_red_sand"
    },
    {
      "block": "chipped:ash_sand"
    },
    {
      "block": "chipped:tar_sand"
    },
    {
      "block": "chipped:white_sand"
    }
  ]
}