{
  "type": "rechiseled:chiseling",
  "overwrite": false,
  "entries": [
    {
      "block": "minecraft:sea_lantern"
    },
    {
      "block": "chipped:framed_sea_lantern"
    },
    {
      "block": "chipped:fancy_sea_lantern"
    },
    {
      "block": "chipped:smooth_sea_lantern"
    },
    {
      "block": "chipped:double_inlayed_sea_lantern"
    },
    {
      "block": "chipped:hived_sea_lantern"
    },
    {
      "block": "chipped:polished_sea_lantern"
    },
    {
      "block": "chipped:ornate_sea_lantern"
    },
    {
      "block": "chipped:cracked_sea_lantern"
    },
    {
      "block": "chipped:thick_inlayed_sea_lantern"
    },
    {
      "block": "chipped:shimmering_sea_lantern"
    },
    {
      "block": "chipped:sea_lodestone_side"
    },
    {
      "block": "chipped:tiled_sea_lantern_pillar"
    },
    {
      "block": "chipped:reinforced_sea_lantern"
    },
    {
      "block": "chipped:bulbed_sea_lantern"
    },
    {
      "block": "chipped:special_sea_lantern"
    },
    {
      "block": "chipped:inlayed_sea_lantern"
    },
    {
      "block": "chipped:broken_sea_lantern"
    }
  ]
}