{
  "type": "rechiseled:chiseling",
  "overwrite": false,
  "entries": [
    {
      "block": "minecraft:shroomlight"
    },
    {
      "block": "chipped:framed_shroomlight_lantern"
    },
    {
      "block": "chipped:shimmering_shroomlight"
    },
    {
      "block": "chipped:edged_shroomlight_lantern"
    },
    {
      "block": "chipped:broken_shroomlight"
    },
    {
      "block": "chipped:smooth_shroomlight"
    },
    {
      "block": "chipped:double_inlayed_shroomlight"
    },
    {
      "block": "chipped:reinforced_shroomlight"
    },
    {
      "block": "chipped:shroomlight_lodestone_side"
    },
    {
      "block": "chipped:inlayed_shroomlight"
    },
    {
      "block": "chipped:fancy_shroomlight_lantern"
    },
    {
      "block": "chipped:tiled_shroomlight_pillar"
    },
    {
      "block": "chipped:cracked_shroomlight"
    },
    {
      "block": "chipped:polished_shroomlight"
    },
    {
      "block": "chipped:ornate_shroomlight_lantern"
    },
    {
      "block": "chipped:shroomlight_lantern"
    },
    {
      "block": "chipped:thick_inlayed_shroomlight"
    },
    {
      "block": "chipped:hived_shroomlight"
    }
  ]
}