{
  "type": "rechiseled:chiseling",
  "overwrite": false,
  "entries": [
    {
      "block": "minecraft:smooth_stone"
    },
    {
      "block": "chipped:tiny_brick_bordered_smooth_stone"
    },
    {
      "block": "chipped:smooth_stone_pillar"
    },
    {
      "block": "chipped:duh_smooth_stone"
    },
    {
      "block": "chipped:tiled_smooth_stone_column"
    },
    {
      "block": "chipped:simple_smooth_stone_pillar"
    },
    {
      "block": "chipped:inscribed_smooth_stone"
    },
    {
      "block": "chipped:layed_smooth_stone_bricks"
    },
    {
      "block": "chipped:smooth_stone_scales"
    },
    {
      "block": "chipped:brick_bordered_smooth_stone"
    },
    {
      "block": "chipped:thick_inlayed_smooth_stone"
    },
    {
      "block": "chipped:loded_smooth_stone"
    },
    {
      "block": "chipped:small_smooth_stone_bricks"
    },
    {
      "block": "chipped:curly_smooth_stone_pillar"
    },
    {
      "block": "chipped:inlayed_smooth_stone"
    },
    {
      "block": "chipped:cracked_disordered_smooth_stone_bricks"
    },
    {
      "block": "chipped:massive_smooth_stone_bricks"
    },
    {
      "block": "chipped:trodden_smooth_stone"
    },
    {
      "block": "chipped:overlapping_smooth_stone_tiles"
    },
    {
      "block": "chipped:crying_smooth_stone"
    },
    {
      "block": "chipped:tiny_layered_smooth_stone_bricks"
    },
    {
      "block": "chipped:weathered_smooth_stone"
    },
    {
      "block": "chipped:smooth_stone_mini_tiles"
    },
    {
      "block": "chipped:spider_smooth_stone_carving"
    },
    {
      "block": "chipped:cut_smooth_stone_column"
    },
    {
      "block": "chipped:carved_smooth_stone"
    },
    {
      "block": "chipped:tiled_bordered_smooth_stone"
    },
    {
      "block": "chipped:eroded_smooth_stone"
    },
    {
      "block": "chipped:cobbled_smooth_stone"
    },
    {
      "block": "chipped:bordered_smooth_stone"
    },
    {
      "block": "chipped:angry_smooth_stone"
    },
    {
      "block": "chipped:prismal_smooth_stone_remnants"
    },
    {
      "block": "chipped:rough_smooth_stone"
    },
    {
      "block": "chipped:smoothed_double_inlayed_smooth_stone"
    },
    {
      "block": "chipped:rounded_smooth_stone_bricks"
    },
    {
      "block": "chipped:stacked_smooth_stone_bricks"
    },
    {
      "block": "chipped:unamused_smooth_stone"
    },
    {
      "block": "chipped:sanded_smooth_stone"
    },
    {
      "block": "chipped:smooth_stone_pillar_top"
    },
    {
      "block": "chipped:cracked_flat_smooth_stone_tiles"
    },
    {
      "block": "chipped:tiny_smooth_stone_bricks"
    },
    {
      "block": "chipped:etched_smooth_stone_bricks"
    },
    {
      "block": "chipped:smooth_ringed_smooth_stone"
    },
    {
      "block": "chipped:sad_smooth_stone"
    },
    {
      "block": "chipped:smooth_smooth_stone_column"
    },
    {
      "block": "chipped:ornate_smooth_stone_pillar"
    },
    {
      "block": "chipped:spiraled_smooth_stone"
    },
    {
      "block": "chipped:cut_blank_smooth_stone"
    },
    {
      "block": "chipped:pillar_smooth_stone_bricks"
    },
    {
      "block": "chipped:offset_smooth_stone_bricks"
    },
    {
      "block": "chipped:cracked_smooth_stone_bricks"
    },
    {
      "block": "chipped:glad_smooth_stone"
    },
    {
      "block": "chipped:polished_smooth_stone"
    },
    {
      "block": "chipped:runic_carved_smooth_stone"
    },
    {
      "block": "chipped:tiled_smooth_stone"
    },
    {
      "block": "chipped:checkered_smooth_stone_tiles"
    },
    {
      "block": "chipped:engraved_smooth_stone"
    },
    {
      "block": "chipped:flat_smooth_stone_tiles"
    },
    {
      "block": "chipped:tiny_layered_smooth_stone_slabs"
    },
    {
      "block": "chipped:smooth_inlayed_smooth_stone"
    },
    {
      "block": "chipped:fine_smooth_stone_pillar"
    },
    {
      "block": "chipped:edged_smooth_stone_bricks"
    },
    {
      "block": "chipped:blank_smooth_stone_carving"
    },
    {
      "block": "chipped:vertical_cut_smooth_stone"
    },
    {
      "block": "chipped:smooth_stone_bricks"
    },
    {
      "block": "chipped:creeper_smooth_stone_carving"
    },
    {
      "block": "chipped:vertical_disordered_smooth_stone_bricks"
    }
  ]
}