{
  "type": "rechiseled:chiseling",
  "overwrite": false,
  "entries": [
    {
      "block": "minecraft:soul_sand"
    },
    {
      "block": "chipped:reanimated_soul_sand"
    },
    {
      "block": "chipped:fine_soul_sand"
    },
    {
      "block": "chipped:scared_soul_sand"
    },
    {
      "block": "chipped:trampled_soul_sand"
    },
    {
      "block": "chipped:sifted_soul_sand"
    },
    {
      "block": "chipped:smoothed_soul_sand"
    },
    {
      "block": "chipped:lauching_soul_sand"
    },
    {
      "block": "chipped:graveled_soul_sand"
    },
    {
      "block": "chipped:meming_soul_sand"
    },
    {
      "block": "chipped:faded_soul_sand"
    },
    {
      "block": "chipped:glowing_soul_sand"
    },
    {
      "block": "chipped:happy_soul_sand"
    },
    {
      "block": "chipped:hardened_soul_sand"
    }
  ]
}