{
  "type": "rechiseled:chiseling",
  "overwrite": false,
  "entries": [
    {
      "block": "minecraft:soul_lantern"
    },
    {
      "block": "chipped:blue_paper_soul_lantern"
    },
    {
      "block": "chipped:checkered_iron_soul_lantern"
    },
    {
      "block": "chipped:small_red_soul_lantern"
    },
    {
      "block": "chipped:big_soul_lantern"
    },
    {
      "block": "chipped:lime_paper_soul_lantern"
    },
    {
      "block": "chipped:blue_tube_soul_lantern"
    },
    {
      "block": "chipped:yellow_paper_soul_lantern"
    },
    {
      "block": "chipped:iron_bowl_soul_lantern"
    },
    {
      "block": "chipped:wooden_cage_soul_lantern"
    },
    {
      "block": "chipped:donut_soul_lantern"
    },
    {
      "block": "chipped:gray_paper_soul_lantern"
    },
    {
      "block": "chipped:orange_paper_soul_lantern"
    },
    {
      "block": "chipped:golden_paper_soul_lantern"
    },
    {
      "block": "chipped:wide_soul_lantern"
    },
    {
      "block": "chipped:tall_soul_lantern"
    }
  ]
}