{
  "type": "rechiseled:chiseling",
  "overwrite": false,
  "entries": [
    {
      "block": "minecraft:spruce_leaves"
    },
    {
      "block": "chipped:apple_spruce_leaves"
    },
    {
      "block": "chipped:white_flower_spruce_leaves"
    },
    {
      "block": "chipped:golden_apple_spruce_leaves"
    },
    {
      "block": "chipped:golden_cherry_spruce_leaves"
    },
    {
      "block": "chipped:cherry_spruce_leaves"
    },
    {
      "block": "chipped:frosted_spruce_leaves"
    },
    {
      "block": "chipped:magenta_flower_spruce_leaves"
    },
    {
      "block": "chipped:dead_spruce_leaves"
    },
    {
      "block": "chipped:red_spruce_leaves"
    },
    {
      "block": "chipped:orange_spruce_leaves"
    },
    {
      "block": "chipped:golden_spruce_leaves"
    }
  ]
}