{
  "type": "rechiseled:chiseling",
  "overwrite": false,
  "entries": [
    {
      "block": "minecraft:spruce_trapdoor"
    },
    {
      "block": "chipped:woven_spruce_trapdoor"
    },
    {
      "block": "chipped:solid_spruce_trapdoor"
    },
    {
      "block": "chipped:checkered_spruce_trapdoor"
    },
    {
      "block": "chipped:cobweb_spruce_trapdoor"
    },
    {
      "block": "chipped:overgrown_spruce_trapdoor"
    },
    {
      "block": "chipped:pointless_spruce_trapdoor"
    },
    {
      "block": "chipped:meshed_spruce_trapdoor"
    },
    {
      "block": "chipped:golden_barred_spruce_trapdoor"
    },
    {
      "block": "chipped:warted_spruce_trapdoor"
    },
    {
      "block": "chipped:suspicious_spruce_trapdoor"
    },
    {
      "block": "chipped:iron_barred_spruce_trapdoor"
    },
    {
      "block": "chipped:classic_windowed_spruce_trapdoor"
    },
    {
      "block": "chipped:fancy_spruce_trapdoor"
    },
    {
      "block": "chipped:windowed_spruce_trapdoor"
    },
    {
      "block": "chipped:twisted_spruce_trapdoor"
    },
    {
      "block": "chipped:distorted_spruce_trapdoor"
    },
    {
      "block": "chipped:leafy_spruce_trapdoor"
    },
    {
      "block": "chipped:slotted_spruce_trapdoor"
    },
    {
      "block": "chipped:airy_spruce_trapdoor"
    },
    {
      "block": "chipped:vined_spruce_trapdoor"
    },
    {
      "block": "chipped:classic_spruce_trapdoor"
    },
    {
      "block": "chipped:barred_spruce_trapdoor"
    }
  ]
}