{
  "type": "rechiseled:chiseling",
  "overwrite": false,
  "entries": [
    {
      "block": "minecraft:spruce_planks"
    },
    {
      "block": "chipped:smooth_spruce_planks"
    },
    {
      "block": "chipped:vertically_railed_spruce_planks"
    },
    {
      "block": "chipped:spruce_planks_shavings"
    },
    {
      "block": "chipped:cross_laced_spruce_planks"
    },
    {
      "block": "chipped:wickered_spruce_planks"
    },
    {
      "block": "chipped:slanted_spruce_planks"
    },
    {
      "block": "chipped:shifted_spruce_planks"
    },
    {
      "block": "chipped:double_herringbone_spruce_planks"
    },
    {
      "block": "chipped:spruce_planks_mosaic"
    },
    {
      "block": "chipped:crated_spruce_planks"
    },
    {
      "block": "chipped:thin_spruce_planks"
    },
    {
      "block": "chipped:basket_woven_spruce_planks"
    },
    {
      "block": "chipped:railed_spruce_planks"
    },
    {
      "block": "chipped:spruce_planks_panel"
    },
    {
      "block": "chipped:tiled_spruce_planks"
    },
    {
      "block": "chipped:stacked_spruce_planks"
    },
    {
      "block": "chipped:fine_spruce_planks"
    },
    {
      "block": "chipped:laced_spruce_planks"
    },
    {
      "block": "chipped:fine_vertical_spruce_planks"
    },
    {
      "block": "chipped:boxed_spruce_planks"
    },
    {
      "block": "chipped:nailed_spruce_planks"
    },
    {
      "block": "chipped:framed_spruce_planks"
    },
    {
      "block": "chipped:cornered_spruce_planks"
    },
    {
      "block": "chipped:pegged_spruce_planks"
    },
    {
      "block": "chipped:detailed_spruce_planks"
    },
    {
      "block": "chipped:vertical_spruce_planks"
    },
    {
      "block": "chipped:natural_spruce_planks"
    },
    {
      "block": "chipped:diagonal_spruce_planks"
    },
    {
      "block": "chipped:crossed_spruce_planks"
    },
    {
      "block": "chipped:polished_spruce_planks"
    },
    {
      "block": "chipped:bricky_spruce_planks"
    },
    {
      "block": "chipped:enclosed_spruce_planks"
    },
    {
      "block": "chipped:herringbone_spruce_planks"
    },
    {
      "block": "chipped:brick_bond_spruce_planks"
    },
    {
      "block": "chipped:whirlwind_spruce_planks"
    },
    {
      "block": "chipped:hewn_spruce_planks"
    },
    {
      "block": "chipped:versailles_spruce_planks"
    },
    {
      "block": "chipped:diamond_spruce_planks"
    }
  ]
}