{
  "type": "rechiseled:chiseling",
  "overwrite": false,
  "entries": [
    {
      "block": "minecraft:spruce_log"
    },
    {
      "block": "chipped:flowering_spruce_log"
    },
    {
      "block": "chipped:damaged_spruce_log"
    },
    {
      "block": "chipped:overgrown_spruce_log"
    },
    {
      "block": "chipped:reinforced_spruce_log"
    },
    {
      "block": "chipped:edge_cut_spruce_log"
    },
    {
      "block": "chipped:firewood_spruce_log"
    },
    {
      "block": "chipped:bundled_spruce_log"
    },
    {
      "block": "chipped:nailed_spruce_log"
    },
    {
      "block": "chipped:center_cut_spruce_log"
    },
    {
      "block": "chipped:mixed_spruce_log"
    },
    {
      "block": "chipped:planked_spruce_log"
    }
  ]
}