{
  "type": "rechiseled:chiseling",
  "overwrite": false,
  "entries": [
    {
      "block": "minecraft:spruce_door"
    },
    {
      "block": "chipped:supported_spruce_door"
    },
    {
      "block": "chipped:tiled_spruce_door"
    },
    {
      "block": "chipped:sliding_spruce_door"
    },
    {
      "block": "chipped:secret_spruce_door"
    },
    {
      "block": "chipped:paper_spruce_door"
    },
    {
      "block": "chipped:tile_windowed_spruce_door"
    },
    {
      "block": "chipped:fortified_spruce_door"
    },
    {
      "block": "chipped:paneled_spruce_door"
    },
    {
      "block": "chipped:beach_spruce_door"
    },
    {
      "block": "chipped:screen_spruce_door"
    },
    {
      "block": "chipped:overgrown_spruce_door"
    },
    {
      "block": "chipped:barred_spruce_door"
    },
    {
      "block": "chipped:heavy_spruce_door"
    },
    {
      "block": "chipped:gated_spruce_door"
    },
    {
      "block": "chipped:windowed_spruce_door"
    },
    {
      "block": "chipped:dual_paneled_spruce_door"
    },
    {
      "block": "chipped:pressed_spruce_door"
    },
    {
      "block": "chipped:glass_spruce_door"
    },
    {
      "block": "chipped:shack_spruce_door"
    }
  ]
}