{
  "type": "rechiseled:chiseling",
  "overwrite": false,
  "entries": [
    {
      "block": "minecraft:stone"
    },
    {
      "block": "chipped:tiny_layered_stone_slabs"
    },
    {
      "block": "chipped:thick_inlayed_stone"
    },
    {
      "block": "chipped:weathered_stone"
    },
    {
      "block": "chipped:smooth_inlayed_stone"
    },
    {
      "block": "chipped:spiraled_stone"
    },
    {
      "block": "chipped:smooth_stone_column"
    },
    {
      "block": "chipped:tiny_stone_bricks"
    },
    {
      "block": "chipped:vertical_disordered_stone_bricks"
    },
    {
      "block": "chipped:cut_blank_stone"
    },
    {
      "block": "chipped:creeper_stone_carving"
    },
    {
      "block": "chipped:vertical_cut_stone"
    },
    {
      "block": "chipped:crying_stone"
    },
    {
      "block": "chipped:tiled_stone_column"
    },
    {
      "block": "chipped:brick_bordered_stone"
    },
    {
      "block": "chipped:layed_stone_bricks"
    },
    {
      "block": "chipped:massive_stone_bricks"
    },
    {
      "block": "chipped:prismal_stone_remnants"
    },
    {
      "block": "chipped:tiny_brick_bordered_stone"
    },
    {
      "block": "chipped:flat_stone_tiles"
    },
    {
      "block": "chipped:stacked_stone_bricks"
    },
    {
      "block": "chipped:cobbled_stone"
    },
    {
      "block": "chipped:unamused_stone"
    },
    {
      "block": "chipped:polished_stone"
    },
    {
      "block": "chipped:spider_stone_carving"
    },
    {
      "block": "chipped:carved_stone"
    },
    {
      "block": "chipped:duh_stone"
    },
    {
      "block": "chipped:stone_pillar"
    },
    {
      "block": "chipped:sad_stone"
    },
    {
      "block": "chipped:runic_carved_stone"
    },
    {
      "block": "chipped:trodden_stone"
    },
    {
      "block": "chipped:cracked_disordered_stone_bricks"
    },
    {
      "block": "chipped:angry_stone"
    },
    {
      "block": "chipped:small_stone_bricks"
    },
    {
      "block": "chipped:etched_stone_bricks"
    },
    {
      "block": "chipped:cut_stone_column"
    },
    {
      "block": "chipped:blank_stone_carving"
    },
    {
      "block": "chipped:loded_stone"
    },
    {
      "block": "chipped:inscribed_stone"
    },
    {
      "block": "chipped:pillar_stone_bricks"
    },
    {
      "block": "chipped:overlapping_stone_tiles"
    },
    {
      "block": "chipped:checkered_stone_tiles"
    },
    {
      "block": "chipped:edged_stone_bricks"
    },
    {
      "block": "chipped:sanded_stone"
    },
    {
      "block": "chipped:engraved_stone"
    },
    {
      "block": "chipped:tiny_layered_stone_bricks"
    },
    {
      "block": "chipped:rough_stone"
    },
    {
      "block": "chipped:smoothed_double_inlayed_stone"
    },
    {
      "block": "chipped:rounded_stone_bricks"
    },
    {
      "block": "chipped:tiled_stone"
    },
    {
      "block": "chipped:stone_pillar_top"
    },
    {
      "block": "chipped:cracked_flat_stone_tiles"
    },
    {
      "block": "chipped:tiled_bordered_stone"
    },
    {
      "block": "chipped:offset_stone_bricks"
    },
    {
      "block": "chipped:bordered_stone"
    },
    {
      "block": "chipped:inlayed_stone"
    },
    {
      "block": "chipped:glad_stone"
    },
    {
      "block": "chipped:stone_scales"
    }
  ]
}