{
  "type": "rechiseled:chiseling",
  "overwrite": false,
  "entries": [
    {
      "block": "minecraft:stripped_warped_stem"
    },
    {
      "block": "chipped:i_sign_stripped_warped_stem"
    },
    {
      "block": "chipped:chipped_stripped_warped_stem"
    },
    {
      "block": "chipped:lumpy_stripped_warped_stem"
    },
    {
      "block": "chipped:d_sign_stripped_warped_stem"
    },
    {
      "block": "chipped:reinforced_stripped_warped_stem"
    },
    {
      "block": "chipped:edged_stripped_warped_stem"
    },
    {
      "block": "chipped:patient_stripped_warped_stem"
    },
    {
      "block": "chipped:l_sign_stripped_warped_stem"
    },
    {
      "block": "chipped:k_sign_stripped_warped_stem"
    },
    {
      "block": "chipped:sign_stripped_warped_stem"
    },
    {
      "block": "chipped:carved_stripped_warped_stem"
    },
    {
      "block": "chipped:f_sign_stripped_warped_stem"
    },
    {
      "block": "chipped:wise_stripped_warped_stem"
    },
    {
      "block": "chipped:knotted_stripped_warped_stem"
    },
    {
      "block": "chipped:stern_stripped_warped_stem"
    },
    {
      "block": "chipped:m_sign_stripped_warped_stem"
    },
    {
      "block": "chipped:layered_stripped_warped_stem"
    }
  ]
}