{
  "type": "rechiseled:chiseling",
  "overwrite": false,
  "entries": [
    {
      "block": "minecraft:terracotta"
    },
    {
      "block": "chipped:chiseled_terracotta"
    },
    {
      "block": "chipped:decorated_terracotta"
    },
    {
      "block": "chipped:small_terracotta_tiles"
    },
    {
      "block": "chipped:terracotta_bricks"
    },
    {
      "block": "chipped:crossed_terracotta"
    },
    {
      "block": "chipped:terracotta_pillar"
    },
    {
      "block": "chipped:terracotta_column"
    },
    {
      "block": "chipped:starry_terracotta"
    },
    {
      "block": "chipped:circular_terracotta"
    },
    {
      "block": "chipped:layered_terracotta"
    },
    {
      "block": "chipped:curled_terracotta"
    },
    {
      "block": "chipped:terracotta_tiles"
    },
    {
      "block": "chipped:hexagonical_terracotta"
    },
    {
      "block": "chipped:inscribed_terracotta"
    },
    {
      "block": "chipped:triangular_terracotta"
    },
    {
      "block": "chipped:cut_terracotta"
    },
    {
      "block": "chipped:terracotta_tile"
    }
  ]
}