{
  "type": "rechiseled:chiseling",
  "overwrite": false,
  "entries": [
    {
      "block": "minecraft:torch"
    },
    {
      "block": "chipped:dark_oak_torch"
    },
    {
      "block": "chipped:warped_torch"
    },
    {
      "block": "chipped:birch_torch"
    },
    {
      "block": "chipped:crimson_torch"
    },
    {
      "block": "chipped:jungle_torch"
    },
    {
      "block": "chipped:acacia_torch"
    },
    {
      "block": "chipped:glow_torch"
    },
    {
      "block": "chipped:iron_torch"
    },
    {
      "block": "chipped:spruce_torch"
    }
  ]
}