{
  "type": "rechiseled:chiseling",
  "overwrite": false,
  "entries": [
    {
      "block": "minecraft:tuff"
    },
    {
      "block": "chipped:curly_tuff_pillar"
    },
    {
      "block": "chipped:brick_bordered_tuff"
    },
    {
      "block": "chipped:cut_blank_tuff"
    },
    {
      "block": "chipped:thick_inlayed_tuff"
    },
    {
      "block": "chipped:stacked_tuff_bricks"
    },
    {
      "block": "chipped:polished_tuff"
    },
    {
      "block": "chipped:tiny_brick_bordered_tuff"
    },
    {
      "block": "chipped:loded_tuff"
    },
    {
      "block": "chipped:rough_tuff"
    },
    {
      "block": "chipped:tiny_layered_tuff_slabs"
    },
    {
      "block": "chipped:glad_tuff"
    },
    {
      "block": "chipped:trodden_tuff"
    },
    {
      "block": "chipped:smooth_tuff_column"
    },
    {
      "block": "chipped:fine_tuff_pillar"
    },
    {
      "block": "chipped:duh_tuff"
    },
    {
      "block": "chipped:creeper_tuff_carving"
    },
    {
      "block": "chipped:tuff_pillar"
    },
    {
      "block": "chipped:massive_tuff_bricks"
    },
    {
      "block": "chipped:spider_tuff_carving"
    },
    {
      "block": "chipped:cracked_flat_tuff_tiles"
    },
    {
      "block": "chipped:simple_tuff_pillar"
    },
    {
      "block": "chipped:tiled_bordered_tuff"
    },
    {
      "block": "chipped:cracked_tuff_bricks"
    },
    {
      "block": "chipped:etched_tuff_bricks"
    },
    {
      "block": "chipped:prismal_tuff_remnants"
    },
    {
      "block": "chipped:weathered_tuff"
    },
    {
      "block": "chipped:tiled_tuff"
    },
    {
      "block": "chipped:inscribed_tuff"
    },
    {
      "block": "chipped:bordered_tuff"
    },
    {
      "block": "chipped:ornate_tuff_pillar"
    },
    {
      "block": "chipped:tiled_tuff_column"
    },
    {
      "block": "chipped:tiny_layered_tuff_bricks"
    },
    {
      "block": "chipped:cut_tuff_column"
    },
    {
      "block": "chipped:smooth_ringed_tuff"
    },
    {
      "block": "chipped:pillar_tuff_bricks"
    },
    {
      "block": "chipped:tuff_bricks"
    },
    {
      "block": "chipped:blank_tuff_carving"
    },
    {
      "block": "chipped:sanded_tuff"
    },
    {
      "block": "chipped:tuff_mini_tiles"
    },
    {
      "block": "chipped:unamused_tuff"
    },
    {
      "block": "chipped:cracked_disordered_tuff_bricks"
    },
    {
      "block": "chipped:checkered_tuff_tiles"
    },
    {
      "block": "chipped:edged_tuff_bricks"
    },
    {
      "block": "chipped:eroded_tuff"
    },
    {
      "block": "chipped:angry_tuff"
    },
    {
      "block": "chipped:crying_tuff"
    },
    {
      "block": "chipped:flat_tuff_tiles"
    },
    {
      "block": "chipped:vertical_disordered_tuff_bricks"
    },
    {
      "block": "chipped:spiraled_tuff"
    },
    {
      "block": "chipped:offset_tuff_bricks"
    },
    {
      "block": "chipped:small_tuff_bricks"
    },
    {
      "block": "chipped:smooth_inlayed_tuff"
    },
    {
      "block": "chipped:smoothed_double_inlayed_tuff"
    },
    {
      "block": "chipped:rounded_tuff_bricks"
    },
    {
      "block": "chipped:vertical_cut_tuff"
    },
    {
      "block": "chipped:cobbled_tuff"
    },
    {
      "block": "chipped:runic_carved_tuff"
    },
    {
      "block": "chipped:layed_tuff_bricks"
    },
    {
      "block": "chipped:tuff_pillar_top"
    },
    {
      "block": "chipped:sad_tuff"
    },
    {
      "block": "chipped:tuff_scales"
    },
    {
      "block": "chipped:carved_tuff"
    },
    {
      "block": "chipped:inlayed_tuff"
    },
    {
      "block": "chipped:tiny_tuff_bricks"
    },
    {
      "block": "chipped:engraved_tuff"
    },
    {
      "block": "chipped:overlapping_tuff_tiles"
    }
  ]
}