{
  "type": "rechiseled:chiseling",
  "overwrite": false,
  "entries": [
    {
      "block": "minecraft:verdant_froglight"
    },
    {
      "block": "chipped:ad_astra_verdant_froglight"
    },
    {
      "block": "chipped:glass_verdant_froglight"
    },
    {
      "block": "chipped:elemental_verdant_froglight"
    },
    {
      "block": "chipped:exposed_verdant_froglight"
    },
    {
      "block": "chipped:reinforced_verdant_froglight"
    },
    {
      "block": "chipped:ancient_verdant_froglight"
    },
    {
      "block": "chipped:round_verdant_froglight"
    },
    {
      "block": "chipped:barred_verdant_froglight"
    }
  ]
}