{
  "type": "rechiseled:chiseling",
  "overwrite": false,
  "entries": [
    {
      "block": "minecraft:vine"
    },
    {
      "block": "chipped:nether_vine"
    },
    {
      "block": "chipped:flowery_vine"
    },
    {
      "block": "chipped:droopy_vine"
    },
    {
      "block": "chipped:thicc_vine"
    },
    {
      "block": "chipped:leafy_vine"
    },
    {
      "block": "chipped:lush_vine"
    },
    {
      "block": "chipped:long_vine"
    },
    {
      "block": "chipped:thin_vine"
    },
    {
      "block": "chipped:warped_vine"
    },
    {
      "block": "chipped:poisonous_vine"
    },
    {
      "block": "chipped:ivy_vine"
    }
  ]
}