{
  "type": "rechiseled:chiseling",
  "overwrite": false,
  "entries": [
    {
      "block": "minecraft:warped_fungus"
    },
    {
      "block": "chipped:button_warped_fungus"
    },
    {
      "block": "chipped:warped_fungus_cluster"
    },
    {
      "block": "chipped:franken_warped_fungus"
    },
    {
      "block": "chipped:micro_warped_fungus"
    },
    {
      "block": "chipped:bulbed_warped_fungus"
    },
    {
      "block": "chipped:hooded_warped_fungus"
    },
    {
      "block": "chipped:warped_fungus_bushel"
    },
    {
      "block": "chipped:double_warped_fungus"
    },
    {
      "block": "chipped:wicked_warped_fungus"
    },
    {
      "block": "chipped:mini_warped_fungus"
    },
    {
      "block": "chipped:warped_fungus_bulb"
    },
    {
      "block": "chipped:umbrella_warped_fungus"
    },
    {
      "block": "chipped:warped_fungus_trio"
    }
  ]
}