{
  "type": "rechiseled:chiseling",
  "overwrite": false,
  "entries": [
    {
      "block": "minecraft:warped_roots"
    },
    {
      "block": "chipped:overgrown_warped_roots"
    },
    {
      "block": "chipped:wiggly_warped_roots"
    },
    {
      "block": "chipped:stem_warped_roots"
    },
    {
      "block": "chipped:young_warped_roots"
    },
    {
      "block": "chipped:lily_warped_roots"
    },
    {
      "block": "chipped:mangled_warped_roots"
    },
    {
      "block": "chipped:bloomed_warped_roots"
    },
    {
      "block": "chipped:flowering_warped_roots"
    },
    {
      "block": "chipped:half_grown_warped_roots"
    }
  ]
}