{
  "type": "rechiseled:chiseling",
  "overwrite": false,
  "entries": [
    {
      "block": "minecraft:warped_stem"
    },
    {
      "block": "chipped:shrooming_warped_stem"
    },
    {
      "block": "chipped:nailed_warped_stem"
    },
    {
      "block": "chipped:planked_warped_stem"
    },
    {
      "block": "chipped:center_cut_warped_stem"
    },
    {
      "block": "chipped:firewood_warped_stem"
    },
    {
      "block": "chipped:bundled_warped_stem"
    },
    {
      "block": "chipped:rotted_warped_stem"
    },
    {
      "block": "chipped:damaged_warped_stem"
    },
    {
      "block": "chipped:smooth_warped_stem"
    },
    {
      "block": "chipped:edge_cut_warped_stem"
    }
  ]
}