{
  "type": "rechiseled:chiseling",
  "overwrite": false,
  "entries": [
    {
      "block": "minecraft:warped_trapdoor"
    },
    {
      "block": "chipped:golden_barred_warped_trapdoor"
    },
    {
      "block": "chipped:cobweb_warped_trapdoor"
    },
    {
      "block": "chipped:pointless_warped_trapdoor"
    },
    {
      "block": "chipped:vined_warped_trapdoor"
    },
    {
      "block": "chipped:airy_warped_trapdoor"
    },
    {
      "block": "chipped:iron_barred_warped_trapdoor"
    },
    {
      "block": "chipped:classic_warped_trapdoor"
    },
    {
      "block": "chipped:woven_warped_trapdoor"
    },
    {
      "block": "chipped:leafy_warped_trapdoor"
    },
    {
      "block": "chipped:meshed_warped_trapdoor"
    },
    {
      "block": "chipped:warted_warped_trapdoor"
    },
    {
      "block": "chipped:solid_warped_trapdoor"
    },
    {
      "block": "chipped:suspicious_warped_trapdoor"
    },
    {
      "block": "chipped:checkered_warped_trapdoor"
    },
    {
      "block": "chipped:heavy_warped_trapdoor"
    },
    {
      "block": "chipped:slotted_warped_trapdoor"
    },
    {
      "block": "chipped:overgrown_warped_trapdoor"
    },
    {
      "block": "chipped:twisted_warped_trapdoor"
    },
    {
      "block": "chipped:classic_windowed_warped_trapdoor"
    },
    {
      "block": "chipped:barred_warped_trapdoor"
    },
    {
      "block": "chipped:windowed_warped_trapdoor"
    }
  ]
}