{
  "type": "rechiseled:chiseling",
  "overwrite": false,
  "entries": [
    {
      "block": "minecraft:warped_door"
    },
    {
      "block": "chipped:shack_warped_door"
    },
    {
      "block": "chipped:pressed_warped_door"
    },
    {
      "block": "chipped:barred_warped_door"
    },
    {
      "block": "chipped:secret_warped_door"
    },
    {
      "block": "chipped:dual_paneled_warped_door"
    },
    {
      "block": "chipped:paper_warped_door"
    },
    {
      "block": "chipped:gated_warped_door"
    },
    {
      "block": "chipped:windowed_warped_door"
    },
    {
      "block": "chipped:heavy_warped_door"
    },
    {
      "block": "chipped:tile_windowed_warped_door"
    },
    {
      "block": "chipped:tiled_warped_door"
    },
    {
      "block": "chipped:beach_warped_door"
    },
    {
      "block": "chipped:fortified_warped_door"
    },
    {
      "block": "chipped:glass_warped_door"
    },
    {
      "block": "chipped:screen_warped_door"
    },
    {
      "block": "chipped:boarded_warped_door"
    },
    {
      "block": "chipped:supported_warped_door"
    },
    {
      "block": "chipped:paneled_warped_door"
    }
  ]
}