{
  "type": "rechiseled:chiseling",
  "overwrite": false,
  "entries": [
    {
      "block": "minecraft:warped_planks"
    },
    {
      "block": "chipped:pegged_warped_planks"
    },
    {
      "block": "chipped:versailles_warped_planks"
    },
    {
      "block": "chipped:double_herringbone_warped_planks"
    },
    {
      "block": "chipped:boxed_warped_planks"
    },
    {
      "block": "chipped:smooth_warped_planks"
    },
    {
      "block": "chipped:crossed_warped_planks"
    },
    {
      "block": "chipped:warped_planks_panel"
    },
    {
      "block": "chipped:nailed_warped_planks"
    },
    {
      "block": "chipped:whirlwind_warped_planks"
    },
    {
      "block": "chipped:crated_warped_planks"
    },
    {
      "block": "chipped:bricky_warped_planks"
    },
    {
      "block": "chipped:basket_woven_warped_planks"
    },
    {
      "block": "chipped:fine_warped_planks"
    },
    {
      "block": "chipped:framed_warped_planks"
    },
    {
      "block": "chipped:warped_planks_mosaic"
    },
    {
      "block": "chipped:wickered_warped_planks"
    },
    {
      "block": "chipped:brick_bond_warped_planks"
    },
    {
      "block": "chipped:slanted_warped_planks"
    },
    {
      "block": "chipped:diamond_warped_planks"
    },
    {
      "block": "chipped:polished_warped_planks"
    },
    {
      "block": "chipped:vertical_warped_planks"
    },
    {
      "block": "chipped:shifted_warped_planks"
    },
    {
      "block": "chipped:enclosed_warped_planks"
    },
    {
      "block": "chipped:detailed_warped_planks"
    },
    {
      "block": "chipped:stacked_warped_planks"
    },
    {
      "block": "chipped:warped_planks_shavings"
    },
    {
      "block": "chipped:diagonal_warped_planks"
    },
    {
      "block": "chipped:cross_laced_warped_planks"
    },
    {
      "block": "chipped:natural_warped_planks"
    },
    {
      "block": "chipped:fine_vertical_warped_planks"
    },
    {
      "block": "chipped:tiled_warped_planks"
    },
    {
      "block": "chipped:railed_warped_planks"
    },
    {
      "block": "chipped:herringbone_warped_planks"
    },
    {
      "block": "chipped:laced_warped_planks"
    },
    {
      "block": "chipped:cornered_warped_planks"
    },
    {
      "block": "chipped:thin_warped_planks"
    },
    {
      "block": "chipped:hewn_warped_planks"
    },
    {
      "block": "chipped:vertically_railed_warped_planks"
    }
  ]
}