{
  "type": "rechiseled:chiseling",
  "overwrite": false,
  "entries": [
    {
      "block": "minecraft:waxed_oxidized_copper"
    },
    {
      "block": "chipped:shuttered_waxed_oxidized_copper"
    },
    {
      "block": "chipped:sheet_waxed_oxidized_copper"
    },
    {
      "block": "chipped:embossed_waxed_oxidized_copper"
    },
    {
      "block": "chipped:chipped_waxed_oxidized_copper"
    },
    {
      "block": "chipped:plated_waxed_oxidized_copper"
    },
    {
      "block": "chipped:pressed_waxed_oxidized_copper"
    },
    {
      "block": "chipped:ancient_waxed_oxidized_copper"
    },
    {
      "block": "chipped:layered_waxed_oxidized_copper"
    },
    {
      "block": "chipped:stacked_waxed_oxidized_copper"
    },
    {
      "block": "chipped:reinforced_waxed_oxidized_copper"
    },
    {
      "block": "chipped:engraved_waxed_oxidized_copper"
    }
  ]
}