{
  "type": "rechiseled:chiseling",
  "overwrite": false,
  "entries": [
    {
      "block": "minecraft:white_carpet"
    },
    {
      "block": "chipped:knitted_white_carpet"
    },
    {
      "block": "chipped:woved_white_carpet"
    },
    {
      "block": "chipped:tiled_white_carpet"
    },
    {
      "block": "chipped:barky_white_carpet"
    },
    {
      "block": "chipped:bundled_white_carpet"
    },
    {
      "block": "chipped:rectangle_white_carpet"
    },
    {
      "block": "chipped:ribbled_white_carpet"
    },
    {
      "block": "chipped:cornered_white_carpet"
    },
    {
      "block": "chipped:windmill_white_carpet"
    },
    {
      "block": "chipped:blocky_white_carpet"
    },
    {
      "block": "chipped:harsh_quilted_white_carpet"
    },
    {
      "block": "chipped:soft_white_carpet"
    },
    {
      "block": "chipped:tripped_white_carpet"
    },
    {
      "block": "chipped:wickered_white_carpet"
    },
    {
      "block": "chipped:stringed_white_carpet"
    },
    {
      "block": "chipped:cubed_white_carpet"
    },
    {
      "block": "chipped:cross_haired_white_carpet"
    },
    {
      "block": "chipped:patched_white_carpet"
    },
    {
      "block": "chipped:crafted_white_carpet"
    },
    {
      "block": "chipped:scaled_white_carpet"
    }
  ]
}