{
  "type": "rechiseled:chiseling",
  "overwrite": false,
  "entries": [
    {
      "block": "minecraft:white_terracotta"
    },
    {
      "block": "chipped:starry_white_terracotta"
    },
    {
      "block": "chipped:circular_white_terracotta"
    },
    {
      "block": "chipped:cut_white_terracotta"
    },
    {
      "block": "chipped:hexagonical_white_terracotta"
    },
    {
      "block": "chipped:layered_white_terracotta"
    },
    {
      "block": "chipped:curled_white_terracotta"
    },
    {
      "block": "chipped:white_terracotta_tiles"
    },
    {
      "block": "chipped:inscribed_white_terracotta"
    },
    {
      "block": "chipped:white_terracotta_column"
    },
    {
      "block": "chipped:triangular_white_terracotta"
    },
    {
      "block": "chipped:chiseled_white_terracotta"
    },
    {
      "block": "chipped:white_terracotta_pillar"
    },
    {
      "block": "chipped:white_terracotta_tile"
    },
    {
      "block": "chipped:small_white_terracotta_tiles"
    },
    {
      "block": "chipped:crossed_white_terracotta"
    },
    {
      "block": "chipped:decorated_white_terracotta"
    },
    {
      "block": "chipped:white_terracotta_bricks"
    }
  ]
}