{
  "type": "rechiseled:chiseling",
  "overwrite": false,
  "entries": [
    {
      "block": "minecraft:white_concrete"
    },
    {
      "block": "chipped:hazard_white_concrete"
    },
    {
      "block": "chipped:warning_white_concrete"
    },
    {
      "block": "chipped:railed_white_concrete"
    },
    {
      "block": "chipped:mosaic_white_concrete"
    },
    {
      "block": "chipped:white_concrete_panel"
    },
    {
      "block": "chipped:striped_white_concrete"
    },
    {
      "block": "chipped:stop_white_concrete"
    },
    {
      "block": "chipped:bolted_white_concrete"
    },
    {
      "block": "chipped:smooth_white_concrete"
    },
    {
      "block": "chipped:creeper_white_concrete"
    },
    {
      "block": "chipped:grid_white_concrete"
    },
    {
      "block": "chipped:pegged_white_concrete"
    },
    {
      "block": "chipped:white_concrete_bricks"
    },
    {
      "block": "chipped:wired_white_concrete"
    },
    {
      "block": "chipped:white_concrete_tiles"
    },
    {
      "block": "chipped:grill_white_concrete"
    },
    {
      "block": "chipped:stacked_white_concrete"
    },
    {
      "block": "chipped:white_concrete_pillar"
    },
    {
      "block": "chipped:rusted_white_concrete"
    },
    {
      "block": "chipped:reinforced_white_concrete"
    }
  ]
}