{
  "type": "rechiseled:chiseling",
  "overwrite": false,
  "entries": [
    {
      "block": "minecraft:white_stained_glass_pane"
    },
    {
      "block": "chipped:woven_white_stained_glass_pane"
    },
    {
      "block": "chipped:small_white_stained_glass_pane"
    },
    {
      "block": "chipped:square_white_stained_glass_pane"
    },
    {
      "block": "chipped:circular_white_stained_glass_pane"
    },
    {
      "block": "chipped:raster_white_stained_glass_pane"
    },
    {
      "block": "chipped:fancy_white_stained_glass_pane"
    },
    {
      "block": "chipped:ornate_white_stained_glass_pane"
    },
    {
      "block": "chipped:vertical_stiped_white_stained_glass_pane"
    },
    {
      "block": "chipped:tiled_white_stained_glass_pane"
    },
    {
      "block": "chipped:large_diamond_white_stained_glass_pane"
    },
    {
      "block": "chipped:arched_white_stained_glass_pane_pillar"
    }
  ]
}