{
  "type": "rechiseled:chiseling",
  "overwrite": false,
  "entries": [
    {
      "block": "minecraft:white_glazed_terracotta"
    },
    {
      "block": "chipped:paved_white_glazed_terracotta"
    },
    {
      "block": "chipped:minimized_white_glazed_terracotta"
    },
    {
      "block": "chipped:waved_white_glazed_terracotta"
    },
    {
      "block": "chipped:shrunken_white_glazed_terracotta"
    },
    {
      "block": "chipped:decorated_white_glazed_terracotta"
    },
    {
      "block": "chipped:starry_white_glazed_terracotta"
    },
    {
      "block": "chipped:white_glazed_terracotta_tiles"
    },
    {
      "block": "chipped:white_glazed_terracotta_pillar_top"
    },
    {
      "block": "chipped:white_glazed_terracotta_pillar_sides"
    },
    {
      "block": "chipped:hexagonical_white_glazed_terracotta"
    },
    {
      "block": "chipped:white_glazed_terracotta_smooth_tiles"
    }
  ]
}