{
  "type": "rechiseled:chiseling",
  "overwrite": false,
  "entries": [
    {
      "block": "minecraft:white_wool"
    },
    {
      "block": "chipped:cross_haired_white_wool"
    },
    {
      "block": "chipped:crafted_white_wool"
    },
    {
      "block": "chipped:soft_white_wool"
    },
    {
      "block": "chipped:stringed_white_wool"
    },
    {
      "block": "chipped:tripped_white_wool"
    },
    {
      "block": "chipped:scaled_white_wool"
    },
    {
      "block": "chipped:ribbled_white_wool"
    },
    {
      "block": "chipped:blocky_white_wool"
    },
    {
      "block": "chipped:rectangle_white_wool"
    },
    {
      "block": "chipped:harsh_quilted_white_wool"
    },
    {
      "block": "chipped:barky_white_wool"
    },
    {
      "block": "chipped:patched_white_wool"
    },
    {
      "block": "chipped:windmill_white_wool"
    },
    {
      "block": "chipped:tiled_white_wool"
    },
    {
      "block": "chipped:cornered_white_wool"
    },
    {
      "block": "chipped:woved_white_wool"
    },
    {
      "block": "chipped:wickered_white_wool"
    },
    {
      "block": "chipped:knitted_white_wool"
    },
    {
      "block": "chipped:bundled_white_wool"
    },
    {
      "block": "chipped:cubed_white_wool"
    }
  ]
}