{
  "type": "rechiseled:chiseling",
  "overwrite": false,
  "entries": [
    {
      "block": "minecraft:yellow_wool"
    },
    {
      "block": "chipped:harsh_quilted_yellow_wool"
    },
    {
      "block": "chipped:cubed_yellow_wool"
    },
    {
      "block": "chipped:patched_yellow_wool"
    },
    {
      "block": "chipped:windmill_yellow_wool"
    },
    {
      "block": "chipped:rectangle_yellow_wool"
    },
    {
      "block": "chipped:cross_haired_yellow_wool"
    },
    {
      "block": "chipped:cornered_yellow_wool"
    },
    {
      "block": "chipped:knitted_yellow_wool"
    },
    {
      "block": "chipped:barky_yellow_wool"
    },
    {
      "block": "chipped:crafted_yellow_wool"
    },
    {
      "block": "chipped:stringed_yellow_wool"
    },
    {
      "block": "chipped:bundled_yellow_wool"
    },
    {
      "block": "chipped:tiled_yellow_wool"
    },
    {
      "block": "chipped:woved_yellow_wool"
    },
    {
      "block": "chipped:blocky_yellow_wool"
    },
    {
      "block": "chipped:scaled_yellow_wool"
    },
    {
      "block": "chipped:soft_yellow_wool"
    },
    {
      "block": "chipped:ribbled_yellow_wool"
    },
    {
      "block": "chipped:wickered_yellow_wool"
    },
    {
      "block": "chipped:tripped_yellow_wool"
    }
  ]
}