{
  "type": "rechiseled:chiseling",
  "overwrite": false,
  "entries": [
    {
      "block": "minecraft:yellow_concrete"
    },
    {
      "block": "chipped:bolted_yellow_concrete"
    },
    {
      "block": "chipped:grid_yellow_concrete"
    },
    {
      "block": "chipped:yellow_concrete_pillar"
    },
    {
      "block": "chipped:pegged_yellow_concrete"
    },
    {
      "block": "chipped:hazard_yellow_concrete"
    },
    {
      "block": "chipped:yellow_concrete_tiles"
    },
    {
      "block": "chipped:mosaic_yellow_concrete"
    },
    {
      "block": "chipped:warning_yellow_concrete"
    },
    {
      "block": "chipped:yellow_concrete_panel"
    },
    {
      "block": "chipped:railed_yellow_concrete"
    },
    {
      "block": "chipped:rusted_yellow_concrete"
    },
    {
      "block": "chipped:reinforced_yellow_concrete"
    },
    {
      "block": "chipped:grill_yellow_concrete"
    },
    {
      "block": "chipped:smooth_yellow_concrete"
    },
    {
      "block": "chipped:stacked_yellow_concrete"
    },
    {
      "block": "chipped:striped_yellow_concrete"
    },
    {
      "block": "chipped:wired_yellow_concrete"
    },
    {
      "block": "chipped:yellow_concrete_bricks"
    },
    {
      "block": "chipped:stop_yellow_concrete"
    },
    {
      "block": "chipped:creeper_yellow_concrete"
    }
  ]
}