{
  "type": "rechiseled:chiseling",
  "overwrite": false,
  "entries": [
    {
      "block": "minecraft:yellow_glazed_terracotta"
    },
    {
      "block": "chipped:starry_yellow_glazed_terracotta"
    },
    {
      "block": "chipped:shrunken_yellow_glazed_terracotta"
    },
    {
      "block": "chipped:yellow_glazed_terracotta_pillar_sides"
    },
    {
      "block": "chipped:yellow_glazed_terracotta_pillar_top"
    },
    {
      "block": "chipped:waved_yellow_glazed_terracotta"
    },
    {
      "block": "chipped:yellow_glazed_terracotta_smooth_tiles"
    },
    {
      "block": "chipped:hexagonical_yellow_glazed_terracotta"
    },
    {
      "block": "chipped:yellow_glazed_terracotta_tiles"
    },
    {
      "block": "chipped:minimized_yellow_glazed_terracotta"
    },
    {
      "block": "chipped:paved_yellow_glazed_terracotta"
    },
    {
      "block": "chipped:decorated_yellow_glazed_terracotta"
    }
  ]
}