{
  "type": "rechiseled:chiseling",
  "overwrite": false,
  "entries": [
    {
      "block": "minecraft:yellow_terracotta"
    },
    {
      "block": "chipped:triangular_yellow_terracotta"
    },
    {
      "block": "chipped:yellow_terracotta_tiles"
    },
    {
      "block": "chipped:curled_yellow_terracotta"
    },
    {
      "block": "chipped:yellow_terracotta_column"
    },
    {
      "block": "chipped:yellow_terracotta_pillar"
    },
    {
      "block": "chipped:yellow_terracotta_tile"
    },
    {
      "block": "chipped:chiseled_yellow_terracotta"
    },
    {
      "block": "chipped:decorated_yellow_terracotta"
    },
    {
      "block": "chipped:crossed_yellow_terracotta"
    },
    {
      "block": "chipped:hexagonical_yellow_terracotta"
    },
    {
      "block": "chipped:starry_yellow_terracotta"
    },
    {
      "block": "chipped:circular_yellow_terracotta"
    },
    {
      "block": "chipped:small_yellow_terracotta_tiles"
    },
    {
      "block": "chipped:inscribed_yellow_terracotta"
    },
    {
      "block": "chipped:yellow_terracotta_bricks"
    },
    {
      "block": "chipped:layered_yellow_terracotta"
    },
    {
      "block": "chipped:cut_yellow_terracotta"
    }
  ]
}