{
  "type": "rechiseled:chiseling",
  "overwrite": false,
  "entries": [
    {
      "block": "minecraft:yellow_stained_glass_pane"
    },
    {
      "block": "chipped:small_yellow_stained_glass_pane"
    },
    {
      "block": "chipped:tiled_yellow_stained_glass_pane"
    },
    {
      "block": "chipped:square_yellow_stained_glass_pane"
    },
    {
      "block": "chipped:arched_yellow_stained_glass_pane_pillar"
    },
    {
      "block": "chipped:ornate_yellow_stained_glass_pane"
    },
    {
      "block": "chipped:raster_yellow_stained_glass_pane"
    },
    {
      "block": "chipped:large_diamond_yellow_stained_glass_pane"
    },
    {
      "block": "chipped:fancy_yellow_stained_glass_pane"
    },
    {
      "block": "chipped:circular_yellow_stained_glass_pane"
    },
    {
      "block": "chipped:woven_yellow_stained_glass_pane"
    },
    {
      "block": "chipped:vertical_stiped_yellow_stained_glass_pane"
    }
  ]
}