{
  "type": "rechiseled:chiseling",
  "overwrite": false,
  "entries": [
    {
      "block": "minecraft:yellow_carpet"
    },
    {
      "block": "chipped:cornered_yellow_carpet"
    },
    {
      "block": "chipped:knitted_yellow_carpet"
    },
    {
      "block": "chipped:cubed_yellow_carpet"
    },
    {
      "block": "chipped:ribbled_yellow_carpet"
    },
    {
      "block": "chipped:soft_yellow_carpet"
    },
    {
      "block": "chipped:crafted_yellow_carpet"
    },
    {
      "block": "chipped:barky_yellow_carpet"
    },
    {
      "block": "chipped:patched_yellow_carpet"
    },
    {
      "block": "chipped:tiled_yellow_carpet"
    },
    {
      "block": "chipped:bundled_yellow_carpet"
    },
    {
      "block": "chipped:windmill_yellow_carpet"
    },
    {
      "block": "chipped:scaled_yellow_carpet"
    },
    {
      "block": "chipped:tripped_yellow_carpet"
    },
    {
      "block": "chipped:blocky_yellow_carpet"
    },
    {
      "block": "chipped:cross_haired_yellow_carpet"
    },
    {
      "block": "chipped:stringed_yellow_carpet"
    },
    {
      "block": "chipped:woved_yellow_carpet"
    },
    {
      "block": "chipped:wickered_yellow_carpet"
    },
    {
      "block": "chipped:harsh_quilted_yellow_carpet"
    },
    {
      "block": "chipped:rectangle_yellow_carpet"
    }
  ]
}