{
  "function": "minecraft:set_components",
  "components": {
    "minecraft:unbreakable": {},
    "minecraft:tooltip_display": {
      "hidden_components": [
        "minecraft:unbreakable"
      ]
    },
    "!minecraft:damage": {}
  },
  "conditions": [
    {
      "condition": "minecraft:inverted",
      "term": {
        "condition": "minecraft:match_tool",
        "predicate": {
          "items": "#unbreakables:keep_durability"
        }
      }
    },
    {
      "condition": "minecraft:match_tool",
      "predicate": {
        "predicates": {
          "minecraft:damage": {
            "durability": {
              "min": 1
            }
          }
        }
      }
    }
  ]
}
